file,duration,sample_rate,rms,peak,clipping_ratio,speech_ratio,silence_ratio,snr_estimate_db,decay_slope_db_per_s,spectral_centroid_hz,rolloff85_hz,tier
asr_final_20260807_005934_267.wav,3.216,16000,0.204201,0.9686,0.0,0.5719,0.4281,78.99,-612.3,447.4,590.2,likely_quiet
asr_final_20260807_010006_029.wav,3.216,16000,0.181084,0.9685,0.0,0.425,0.575,79.64,-368.1,555.4,777.4,likely_quiet
asr_final_20260807_010039_084.wav,2.96,16000,0.165722,0.9558,0.0,0.4898,0.5102,75.1,-676.1,449.1,545.6,likely_quiet
asr_final_20260807_010122_701.wav,2.96,16000,0.209633,0.9752,0.0,0.7075,0.2925,79.87,-241.9,559.3,770.3,likely_quiet
asr_final_20260807_013215_715.wav,2.96,16000,0.258315,0.9999,0.00019,0.8639,0.1361,50.53,630.4,631.6,797.0,likely_quiet
asr_final_20260807_013230_587.wav,2.96,16000,0.141445,0.7162,0.0,0.7075,0.2925,68.03,-604.0,568.9,778.4,likely_quiet
asr_final_20260807_013357_098.wav,2.96,16000,0.131227,0.7697,0.0,0.6531,0.3469,71.68,-335.4,642.6,799.7,likely_quiet
asr_final_20260807_013623_772.wav,2.96,16000,0.169271,0.7009,0.0,0.7789,0.2211,24.51,284.0,411.0,541.6,likely_quiet
asr_final_20260807_013656_919.wav,2.96,16000,0.170223,0.7892,0.0,0.8299,0.1701,62.05,-479.5,540.3,826.4,likely_quiet
asr_final_20260807_013723_241.wav,2.96,16000,0.113728,0.7473,0.0,0.6156,0.3844,76.51,-204.5,479.6,746.3,likely_quiet
asr_final_20260807_013756_493.wav,2.96,16000,0.123704,0.778,0.0,0.6565,0.3435,66.89,-188.5,531.6,787.5,likely_quiet
asr_final_20260807_013821_896.wav,2.96,16000,0.117033,0.7534,0.0,0.5986,0.4014,65.42,-573.7,501.8,735.8,likely_quiet
asr_final_20260807_060903_720.wav,1.28,16000,0.150534,1.0,4.9e-05,0.4524,0.5476,76.18,-30.4,758.0,870.3,likely_quiet
asr_final_20260807_060920_369.wav,3.216,16000,0.142367,0.8066,0.0,0.8094,0.1906,48.96,0.6,847.6,1458.0,likely_quiet
asr_final_20260807_061354_946.wav,1.792,16000,0.101034,0.7103,0.0,0.7288,0.2712,25.75,84.0,787.7,980.5,likely_quiet
asr_final_20260807_061404_935.wav,2.56,16000,0.168551,0.7853,0.0,0.7205,0.2795,18.85,1.4,758.9,884.8,likely_farfield_or_muffled
asr_final_20260807_061425_444.wav,5.264,16000,0.107478,0.681,0.0,0.5,0.5,69.86,-239.3,828.7,1217.7,likely_quiet
asr_final_20260807_064935_693.wav,7.168,16000,0.133551,0.9544,0.0,0.4364,0.5636,76.33,-447.7,814.2,1028.0,likely_quiet
asr_final_20260807_065040_667.wav,5.52,16000,0.161541,0.7942,0.0,0.7691,0.2309,70.87,213.1,687.9,938.0,likely_quiet
asr_final_20260807_065056_289.wav,2.96,16000,0.101807,0.6357,0.0,0.5034,0.4966,26.1,-61.8,825.5,1195.3,likely_quiet
asr_final_20260807_070349_429.wav,2.048,16000,0.106794,0.8986,0.0,0.1626,0.8374,75.0,-235.9,955.0,1229.0,likely_quiet
asr_final_20260807_070359_066.wav,1.28,16000,0.293475,0.9625,0.0,0.8016,0.1984,10.0,162.1,782.4,1101.6,likely_farfield_or_muffled
asr_final_20260807_070418_106.wav,2.96,16000,0.148633,0.8091,0.0,0.6837,0.3163,36.51,283.7,645.3,867.6,likely_quiet
asr_final_20260807_070433_233.wav,2.96,16000,0.081557,0.751,0.0,0.534,0.466,33.42,-125.2,672.0,876.7,likely_quiet
asr_final_20260807_070549_980.wav,5.52,16000,0.24026,0.9489,0.0,0.7727,0.2273,20.52,195.9,767.4,1267.4,likely_quiet
asr_final_20260807_070559_452.wav,1.792,16000,0.109344,0.8649,0.0,0.2938,0.7062,80.8,-557.8,1093.3,1438.1,likely_quiet
asr_final_20260807_070602_583.wav,2.96,16000,0.153899,0.9334,0.0,0.3469,0.6531,77.41,-379.1,805.6,1245.6,likely_quiet
asr_final_20260807_070615_060.wav,5.776,16000,0.205225,0.9545,0.0,0.7656,0.2344,73.01,-621.8,747.8,1370.5,likely_quiet
asr_final_20260807_070622_691.wav,2.96,16000,0.099635,0.6978,0.0,0.7245,0.2755,53.62,-14.6,674.5,859.8,likely_quiet
asr_final_20260807_070631_706.wav,2.96,16000,0.114338,0.7149,0.0,0.7959,0.2041,63.76,-563.1,543.0,603.7,likely_quiet
asr_final_20260807_070702_605.wav,3.472,16000,0.12619,0.6514,0.0,0.7478,0.2522,39.7,282.2,460.0,638.2,likely_quiet
asr_final_20260807_070705_323.wav,2.56,16000,0.045481,0.3338,0.0,0.4213,0.5787,22.48,-61.3,401.9,636.3,likely_quiet
asr_final_20260807_071436_997.wav,2.96,16000,0.096927,1.0,4.2e-05,0.5714,0.4286,43.32,-181.6,925.2,1206.8,likely_quiet
asr_final_20260807_071846_777.wav,2.96,16000,0.190556,0.9992,6.3e-05,0.6769,0.3231,23.81,278.3,814.6,1301.0,likely_quiet
asr_final_20260807_071849_621.wav,2.56,16000,0.076952,0.7391,0.0,0.4331,0.5669,64.69,82.0,571.9,598.0,likely_quiet
asr_final_20260807_071852_676.wav,2.816,16000,0.058864,0.6014,0.0,0.5786,0.4214,49.84,147.6,533.7,598.4,likely_quiet
asr_final_20260807_072023_121.wav,5.008,16000,0.089994,0.9537,0.0,0.6172,0.3828,25.92,22.9,769.1,963.5,likely_quiet
asr_final_20260807_072036_388.wav,2.96,16000,0.058056,0.4342,0.0,0.7755,0.2245,37.26,300.1,596.0,741.9,likely_quiet
asr_final_20260807_072331_245.wav,2.96,16000,0.054114,0.8122,0.0,0.3673,0.6327,51.65,-84.7,675.8,756.8,likely_quiet
asr_final_20260807_072413_155.wav,2.96,16000,0.138511,1.0,2.1e-05,0.585,0.415,49.81,-77.2,703.5,859.1,likely_quiet
asr_final_20260807_073348_447.wav,2.96,16000,0.124476,0.9999,6.3e-05,0.5986,0.4014,21.33,52.0,1107.8,1347.6,likely_quiet
asr_final_20260807_075518_910.wav,2.96,16000,0.065755,0.9999,2.1e-05,0.4048,0.5952,35.27,14.2,620.9,706.8,likely_quiet
asr_final_20260807_075529_955.wav,2.96,16000,0.078679,0.9999,4.2e-05,0.3027,0.6973,34.78,-85.7,449.9,531.4,likely_quiet
asr_final_20260807_080118_845.wav,2.96,16000,0.049294,0.9998,2.1e-05,0.3673,0.6327,34.27,116.2,1206.7,1775.3,likely_quiet
asr_final_20260807_080126_277.wav,2.96,16000,0.045852,0.8001,0.0,0.2721,0.7279,34.42,6.9,1360.4,1606.8,likely_quiet
asr_final_20260807_080216_862.wav,2.96,16000,0.125955,0.9999,2.1e-05,0.6293,0.3707,30.12,-74.0,884.3,1347.0,likely_quiet
asr_final_20260807_080219_802.wav,2.56,16000,0.064882,0.9989,0.0,0.7244,0.2756,41.86,-115.7,786.2,1189.8,likely_quiet
asr_final_20260807_080226_679.wav,3.216,16000,0.109678,0.9999,5.8e-05,0.6312,0.3688,33.24,-57.5,786.0,1177.5,likely_quiet
asr_final_20260807_080318_660.wav,2.96,16000,0.05899,0.5146,0.0,0.7109,0.2891,38.35,-14.9,795.3,1044.6,likely_quiet
asr_final_20260807_080349_795.wav,2.96,16000,0.092869,0.9992,4.2e-05,0.2007,0.7993,54.65,-222.1,624.1,600.3,likely_quiet
asr_final_20260807_080552_535.wav,2.96,16000,0.045816,0.5075,0.0,0.7109,0.2891,25.08,103.8,700.2,818.9,likely_quiet
asr_final_20260807_081110_849.wav,2.96,16000,0.075866,1.0,8.4e-05,0.3129,0.6871,40.23,-85.1,831.8,1823.3,likely_quiet
asr_final_20260807_081437_755.wav,2.96,16000,0.204017,1.0,0.000169,0.5952,0.4048,44.12,-0.1,719.9,940.5,likely_quiet
asr_final_20260807_083213_231.wav,3.216,16000,0.101794,0.9802,0.0,0.4062,0.5938,41.71,-40.1,785.6,906.1,likely_quiet
asr_final_20260807_083356_121.wav,2.96,16000,0.179932,0.9999,0.000169,0.5748,0.4252,45.65,-74.1,872.5,1076.0,likely_quiet
asr_final_20260807_083543_403.wav,2.96,16000,0.113186,1.0,4.2e-05,0.6667,0.3333,43.38,-11.5,415.4,477.7,likely_quiet
asr_final_20260807_083554_906.wav,2.96,16000,0.047748,0.6972,0.0,0.6871,0.3129,44.35,9.1,691.9,813.9,likely_quiet
asr_final_20260807_084915_084.wav,2.96,16000,0.066762,0.9852,0.0,0.3503,0.6497,33.04,-68.2,671.6,709.5,likely_quiet
asr_final_20260807_085018_597.wav,2.96,16000,0.141585,0.9999,0.000106,0.5,0.5,37.2,65.7,797.2,867.9,likely_quiet
asr_final_20260807_085107_249.wav,2.96,16000,0.209722,0.9999,0.000127,0.6497,0.3503,47.32,-9.7,587.1,873.6,likely_quiet
asr_final_20260807_085120_034.wav,2.96,16000,0.057825,0.7353,0.0,0.8197,0.1803,64.74,194.6,534.4,644.3,likely_quiet
asr_final_20260807_085139_794.wav,3.984,16000,0.05339,0.4195,0.0,0.7753,0.2247,26.21,52.4,800.7,987.7,likely_quiet
asr_final_20260807_085903_704.wav,1.536,16000,0.300773,1.0,0.000326,0.7961,0.2039,22.65,131.6,1011.5,1358.7,likely_quiet
asr_final_20260807_085917_955.wav,1.424,16000,0.22452,0.9283,0.0,0.7,0.3,71.32,-636.8,692.0,1080.8,likely_quiet
asr_final_20260807_085931_889.wav,5.264,16000,0.264004,0.958,0.0,0.813,0.187,24.12,182.2,847.0,1287.2,likely_quiet
asr_final_20260807_085944_268.wav,2.048,16000,0.22583,0.9382,0.0,0.7291,0.2709,73.22,-637.0,1120.3,1440.4,likely_quiet
asr_final_20260807_085947_944.wav,2.56,16000,0.106918,0.8898,0.0,0.2244,0.7756,90.49,-436.5,969.3,1326.6,likely_quiet
asr_final_20260807_093051_564.wav,7.312,16000,0.171203,1.0,0.000231,0.6996,0.3004,44.9,-162.3,576.6,635.9,likely_quiet
asr_final_20260807_093054_443.wav,2.56,16000,0.271479,1.0,0.000293,0.8583,0.1417,44.51,-300.8,567.1,647.7,likely_quiet
asr_final_20260807_093100_822.wav,2.96,16000,0.082998,0.9987,0.0,0.5068,0.4932,75.13,-339.9,625.8,871.6,likely_quiet
asr_final_20260807_093355_318.wav,2.96,16000,0.04437,0.4455,0.0,0.5,0.5,64.8,-236.4,516.0,627.7,likely_quiet
asr_final_20260807_094156_128.wav,2.96,16000,0.068976,0.7537,0.0,0.7993,0.2007,32.51,95.4,600.8,663.9,likely_quiet
asr_final_20260807_094800_672.wav,2.96,16000,0.063628,0.9175,0.0,0.6599,0.3401,27.5,82.8,798.3,1119.9,likely_quiet
asr_final_20260807_094910_051.wav,5.52,16000,0.082944,0.8968,0.0,0.6564,0.3436,17.59,36.3,876.5,1248.0,likely_farfield_or_muffled
asr_final_20260807_095328_907.wav,2.96,16000,0.226693,1.0,0.000274,0.7381,0.2619,40.05,154.3,762.6,989.9,likely_quiet
asr_final_20260807_095333_969.wav,2.96,16000,0.191915,0.9999,0.000148,0.5136,0.4864,59.01,-153.4,826.7,1003.0,likely_quiet
asr_final_20260807_095337_311.wav,2.96,16000,0.203685,1.0,0.000148,0.7483,0.2517,54.65,-119.3,748.0,912.5,likely_quiet
asr_final_20260807_095346_515.wav,2.96,16000,0.12043,0.9274,0.0,0.8435,0.1565,54.78,92.7,818.3,1098.3,likely_quiet
asr_final_20260807_100028_920.wav,2.96,16000,0.095384,0.9999,4.2e-05,0.4558,0.5442,50.96,-293.9,670.3,846.6,likely_quiet
asr_final_20260807_101857_903.wav,2.96,16000,0.126434,0.9996,2.1e-05,0.551,0.449,25.06,14.7,715.2,1085.1,likely_quiet
asr_final_20260807_102148_679.wav,2.96,16000,0.190492,1.0,0.000253,0.6667,0.3333,26.68,157.6,1100.5,1450.7,likely_quiet
asr_final_20260807_102221_879.wav,2.96,16000,0.045226,0.5439,0.0,0.6463,0.3537,56.49,5.5,924.0,1204.4,likely_quiet
asr_final_20260807_102341_548.wav,2.96,16000,0.048295,0.65,0.0,0.5306,0.4694,60.64,-34.9,731.2,1022.3,likely_quiet
asr_final_20260807_102345_091.wav,2.96,16000,0.034048,0.4633,0.0,0.5408,0.4592,47.45,33.6,626.1,771.6,likely_quiet
asr_final_20260807_103209_882.wav,2.96,16000,0.115596,0.9984,0.0,0.6701,0.3299,42.67,-170.2,778.3,1113.5,likely_quiet
asr_final_20260807_103233_490.wav,4.496,16000,0.114809,0.9999,4.2e-05,0.6562,0.3438,28.69,-29.9,776.0,857.2,likely_quiet
asr_final_20260807_103624_360.wav,2.96,16000,0.043141,0.666,0.0,0.619,0.381,26.66,39.3,879.5,1064.9,likely_quiet
asr_final_20260807_103716_438.wav,2.96,16000,0.107348,0.9996,2.1e-05,0.2245,0.7755,53.08,212.7,911.7,1062.5,likely_quiet
asr_final_20260807_103924_661.wav,5.776,16000,0.125359,0.9999,2.2e-05,0.6372,0.3628,52.74,-219.9,756.5,1133.7,likely_quiet
asr_final_20260807_103931_075.wav,2.96,16000,0.142193,0.9996,2.1e-05,0.6463,0.3537,20.72,-14.4,735.9,1331.8,likely_quiet
asr_final_20260807_103933_887.wav,2.56,16000,0.101485,0.7458,0.0,0.5591,0.4409,15.39,32.4,595.7,542.6,likely_farfield_or_muffled
asr_final_20260807_103936_665.wav,2.56,16000,0.059411,0.5602,0.0,0.5591,0.4409,21.71,-23.0,942.0,1403.9,likely_quiet
asr_final_20260807_105220_755.wav,2.96,16000,0.048596,0.6469,0.0,0.4388,0.5612,44.45,-75.1,772.3,1090.2,likely_quiet
asr_final_20260807_110401_005.wav,2.96,16000,0.136825,0.9999,4.2e-05,0.2687,0.7313,53.05,-200.6,815.3,856.1,likely_quiet
asr_final_20260807_111201_663.wav,2.96,16000,0.167078,0.9998,4.2e-05,0.8163,0.1837,37.92,-92.5,706.2,965.9,likely_quiet
asr_final_20260807_111308_044.wav,2.96,16000,0.22936,1.0,0.000148,0.8095,0.1905,40.53,-9.0,444.5,553.0,likely_quiet
asr_final_20260807_112121_071.wav,2.96,16000,0.066014,0.9992,2.1e-05,0.3469,0.6531,49.12,-93.4,581.0,607.1,likely_quiet
asr_final_20260807_112223_317.wav,4.496,16000,0.085081,0.9796,0.0,0.5067,0.4933,15.74,-26.0,923.9,1181.0,likely_moderate
asr_final_20260807_112645_888.wav,2.96,16000,0.106899,0.9992,4.2e-05,0.6259,0.3741,37.3,16.7,696.3,920.6,likely_quiet
asr_final_20260807_112727_800.wav,2.96,16000,0.068558,0.9992,2.1e-05,0.3571,0.6429,41.41,-81.6,776.6,937.2,likely_quiet
asr_final_20260807_112734_275.wav,2.96,16000,0.117799,1.0,0.00019,0.6497,0.3503,33.55,-169.6,695.4,736.1,likely_quiet
asr_final_20260807_112754_214.wav,5.008,16000,0.065554,0.9999,1.2e-05,0.7234,0.2766,32.28,15.3,1033.8,1519.4,likely_quiet
asr_final_20260807_112850_042.wav,2.96,16000,0.167602,0.9999,8.4e-05,0.7483,0.2517,38.65,296.5,742.8,1023.0,likely_quiet
asr_final_20260807_112946_851.wav,2.96,16000,0.121203,0.9999,2.1e-05,0.6769,0.3231,28.23,-34.5,454.5,461.1,likely_quiet
asr_final_20260807_113517_081.wav,3.216,16000,0.204083,0.9999,7.8e-05,0.7812,0.2188,41.09,-78.8,507.6,631.2,likely_quiet
asr_final_20260807_113521_474.wav,2.96,16000,0.07886,0.8443,0.0,0.5136,0.4864,57.96,-308.0,492.9,490.5,likely_quiet
asr_final_20260807_113538_102.wav,7.312,16000,0.121111,1.0,2.6e-05,0.7737,0.2263,63.02,-59.5,559.4,609.3,likely_quiet
asr_final_20260807_113725_395.wav,2.96,16000,0.060683,0.6898,0.0,0.8367,0.1633,75.25,,643.8,969.3,likely_quiet
asr_final_20260807_113731_954.wav,2.96,16000,0.108506,0.9993,2.1e-05,0.7245,0.2755,54.84,-337.9,704.9,954.4,likely_quiet
asr_final_20260807_113742_195.wav,2.96,16000,0.05644,0.8406,0.0,0.4626,0.5374,65.53,-18.2,645.9,905.1,likely_quiet
asr_final_20260807_113748_359.wav,2.96,16000,0.052647,0.5867,0.0,0.6224,0.3776,27.94,-95.5,653.7,789.9,likely_quiet
asr_final_20260807_113758_611.wav,2.96,16000,0.046981,0.704,0.0,0.3265,0.6735,68.91,-27.8,636.3,780.4,likely_quiet
asr_final_20260807_113801_486.wav,2.56,16000,0.103147,0.7882,0.0,0.626,0.374,25.83,141.3,578.8,744.5,likely_quiet
asr_final_20260807_113815_092.wav,2.96,16000,0.112963,0.998,0.0,0.5136,0.4864,29.41,-20.6,791.9,1059.1,likely_quiet
asr_final_20260807_113819_096.wav,2.96,16000,0.07073,0.8409,0.0,0.551,0.449,67.49,-228.5,750.3,940.2,likely_quiet
asr_final_20260807_114139_076.wav,3.728,16000,0.049084,1.0,1.7e-05,0.2075,0.7925,55.09,-184.7,474.3,595.5,likely_quiet
asr_final_20260807_114146_508.wav,2.96,16000,0.052612,0.547,0.0,0.4932,0.5068,47.4,-128.8,678.8,811.5,likely_quiet
asr_final_20260807_114927_080.wav,2.96,16000,0.123377,1.0,0.000127,0.1905,0.8095,51.55,-47.5,345.5,346.6,likely_quiet
asr_final_20260807_115623_741.wav,2.96,16000,0.162935,1.0,6.3e-05,0.6327,0.3673,28.72,4.9,865.8,1092.6,likely_quiet
asr_final_20260807_115629_889.wav,2.96,16000,0.098485,0.9999,6.3e-05,0.5068,0.4932,45.35,33.2,1000.6,1326.0,likely_quiet
asr_final_20260807_115645_066.wav,2.96,16000,0.152636,0.9999,6.3e-05,0.5578,0.4422,46.17,-249.7,873.8,1137.2,likely_quiet
asr_final_20260807_120000_520.wav,2.96,16000,0.127219,1.0,8.4e-05,0.6429,0.3571,47.84,-70.2,894.9,1061.8,likely_quiet
asr_final_20260807_121940_741.wav,2.96,16000,0.087171,0.9998,2.1e-05,0.6803,0.3197,38.95,89.6,876.9,1143.2,likely_quiet
asr_final_20260807_122333_490.wav,3.216,16000,0.190911,0.9995,3.9e-05,0.875,0.125,53.94,,753.7,1118.8,likely_quiet
asr_final_20260807_122341_075.wav,3.216,16000,0.073321,0.8752,0.0,0.5156,0.4844,49.71,-49.2,608.7,635.0,likely_quiet
asr_final_20260807_122452_210.wav,4.752,16000,0.139127,1.0,3.9e-05,0.4947,0.5053,22.77,48.3,545.2,690.7,likely_quiet
asr_final_20260807_122856_452.wav,2.96,16000,0.075036,0.8426,0.0,0.6429,0.3571,48.4,-198.4,580.9,643.2,likely_quiet
asr_final_20260807_122920_347.wav,2.96,16000,0.066886,0.9154,0.0,0.483,0.517,38.93,-126.4,858.7,1315.5,likely_quiet
asr_final_20260807_123129_627.wav,2.96,16000,0.066028,0.603,0.0,0.6701,0.3299,29.41,101.4,862.5,1454.4,likely_quiet
asr_final_20260807_125448_586.wav,2.96,16000,0.095459,0.9999,2.1e-05,0.3367,0.6633,58.74,-250.6,685.8,886.5,likely_quiet
asr_final_20260807_130311_077.wav,2.96,16000,0.075801,1.0,2.1e-05,0.466,0.534,23.5,-27.1,742.0,636.5,likely_quiet
asr_final_20260807_130436_106.wav,2.96,16000,0.092044,0.9999,6.3e-05,0.6327,0.3673,42.52,-103.7,861.6,1171.6,likely_quiet
asr_final_20260807_130729_315.wav,2.96,16000,0.102894,1.0,8.4e-05,0.5782,0.4218,58.83,72.8,802.7,1157.8,likely_quiet
asr_final_20260807_131033_475.wav,2.96,16000,0.056101,0.6475,0.0,0.5782,0.4218,33.58,154.0,373.4,548.0,likely_quiet
asr_final_20260807_131148_755.wav,2.96,16000,0.068544,0.5657,0.0,0.8231,0.1769,49.28,109.1,716.8,929.7,likely_quiet
asr_final_20260807_131234_585.wav,2.96,16000,0.061748,0.879,0.0,0.5544,0.4456,52.59,-164.7,765.3,806.8,likely_quiet
asr_final_20260807_131311_147.wav,5.008,16000,0.112657,0.9995,1.2e-05,0.5972,0.4028,58.34,-324.3,607.6,806.9,likely_quiet
asr_final_20260807_131313_954.wav,2.56,16000,0.096615,0.8618,0.0,0.7992,0.2008,50.7,-205.1,827.2,1335.9,likely_quiet
asr_final_20260807_131523_409.wav,2.96,16000,0.068552,0.5432,0.0,0.6633,0.3367,42.05,35.1,657.7,816.9,likely_quiet
asr_final_20260807_131529_876.wav,2.96,16000,0.093176,0.998,0.0,0.3469,0.6531,53.03,63.6,684.6,897.0,likely_quiet
asr_final_20260807_131717_888.wav,2.96,16000,0.042497,0.787,0.0,0.381,0.619,45.66,-66.8,549.4,515.2,likely_quiet
asr_final_20260807_132044_020.wav,3.216,16000,0.044853,0.9824,0.0,0.2687,0.7312,48.58,-116.5,660.5,917.6,likely_quiet
asr_final_20260807_132055_555.wav,3.216,16000,0.116457,0.9755,0.0,0.5875,0.4125,46.48,-22.0,663.4,865.7,likely_quiet
asr_final_20260807_132104_503.wav,2.96,16000,0.063439,0.646,0.0,0.4218,0.5782,13.77,-16.7,736.4,843.2,likely_farfield_or_muffled
asr_final_20260807_132205_318.wav,2.96,16000,0.071228,0.9999,2.1e-05,0.3537,0.6463,48.49,-120.7,711.9,1108.1,likely_quiet
asr_final_20260807_132208_435.wav,2.816,16000,0.061511,0.4678,0.0,0.6036,0.3964,40.95,-180.5,693.8,953.5,likely_quiet
asr_final_20260807_132404_121.wav,2.96,16000,0.151336,0.9995,2.1e-05,0.2959,0.7041,46.01,-125.7,632.5,686.8,likely_quiet
asr_final_20260807_133009_169.wav,4.24,16000,0.061801,0.6628,0.0,0.6896,0.3104,40.39,-19.4,925.8,1268.9,likely_quiet
asr_final_20260807_133056_106.wav,2.96,16000,0.070851,0.9936,0.0,0.602,0.398,27.9,-32.9,765.4,837.2,likely_quiet
asr_final_20260807_133136_756.wav,2.96,16000,0.109748,0.9933,0.0,0.6905,0.3095,26.09,105.6,880.6,1089.5,likely_quiet
asr_final_20260807_133139_810.wav,2.816,16000,0.194763,0.9999,0.000111,0.575,0.425,21.1,-5.4,536.5,611.9,likely_quiet
asr_final_20260807_133240_041.wav,2.96,16000,0.050199,0.6073,0.0,0.7585,0.2415,42.14,168.9,958.5,1002.0,likely_quiet
asr_final_20260807_133259_712.wav,2.96,16000,0.107135,0.9977,0.0,0.6633,0.3367,40.52,-32.5,760.5,844.9,likely_quiet
asr_final_20260807_133505_076.wav,2.96,16000,0.053923,0.7193,0.0,0.6633,0.3367,41.81,63.6,1029.9,1437.5,likely_quiet
asr_final_20260807_133615_075.wav,2.96,16000,0.158819,0.9998,4.2e-05,0.8163,0.1837,44.96,-32.9,724.2,974.7,likely_quiet
asr_final_20260807_133619_955.wav,4.608,16000,0.143389,0.9999,5.4e-05,0.8083,0.1917,51.5,-246.3,702.1,854.8,likely_quiet
asr_final_20260807_133645_222.wav,2.96,16000,0.0784,0.8891,0.0,0.5204,0.4796,50.63,-266.2,588.1,768.2,likely_quiet
asr_final_20260807_133710_130.wav,2.96,16000,0.062275,0.8015,0.0,0.6667,0.3333,35.96,259.6,740.3,1058.8,likely_quiet
asr_final_20260807_133958_513.wav,2.96,16000,0.133538,0.9639,0.0,0.7891,0.2109,39.99,-123.6,701.4,1061.1,likely_quiet
asr_final_20260807_134001_401.wav,2.56,16000,0.15689,0.9919,0.0,0.6654,0.3346,17.85,30.9,645.0,869.5,likely_farfield_or_muffled
asr_final_20260807_134009_962.wav,5.52,16000,0.069483,0.9847,0.0,0.4673,0.5327,49.71,-34.7,814.3,866.8,likely_quiet
asr_final_20260807_134151_879.wav,5.008,16000,0.165797,1.0,7.5e-05,0.6553,0.3447,44.33,-69.7,737.9,1024.8,likely_quiet
asr_final_20260807_134159_378.wav,3.216,16000,0.045788,0.7225,0.0,0.7219,0.2781,38.99,76.0,792.4,949.3,likely_quiet
asr_final_20260807_134517_163.wav,2.96,16000,0.056187,0.835,0.0,0.4966,0.5034,49.45,-154.1,840.2,1098.6,likely_quiet
asr_final_20260807_134609_246.wav,2.96,16000,0.101199,0.9282,0.0,0.7007,0.2993,33.89,94.5,574.2,741.9,likely_quiet
asr_final_20260807_134615_810.wav,2.96,16000,0.128432,0.9999,0.000106,0.7789,0.2211,37.41,41.0,698.8,973.6,likely_quiet
asr_final_20260807_135352_606.wav,2.96,16000,0.03957,0.7451,0.0,0.568,0.432,43.07,-179.3,811.4,1114.5,likely_quiet
asr_final_20260807_144930_837.wav,2.56,16000,0.06419,0.4394,0.0,0.6535,0.3465,24.97,139.0,610.7,856.2,likely_quiet
asr_final_20260807_145028_664.wav,2.96,16000,0.071776,0.5182,0.0,0.602,0.398,18.87,139.5,723.1,1058.1,likely_farfield_or_muffled
asr_final_20260807_145135_398.wav,2.96,16000,0.094421,0.9772,0.0,0.517,0.483,47.21,-54.2,965.9,1429.4,likely_quiet
asr_final_20260807_150528_741.wav,2.96,16000,0.046907,0.7213,0.0,0.2721,0.7279,45.49,155.1,900.8,930.4,likely_quiet
asr_final_20260807_151326_436.wav,2.96,16000,0.054344,1.0,2.1e-05,0.2177,0.7823,46.13,-82.2,758.4,880.1,likely_quiet
asr_final_20260807_152314_902.wav,2.96,16000,0.056801,0.9995,2.1e-05,0.2415,0.7585,44.91,-107.1,804.7,1057.4,likely_quiet
asr_final_20260807_154154_047.wav,2.96,16000,0.175029,0.9999,2.1e-05,0.7823,0.2177,38.41,3.3,584.0,830.1,likely_quiet
asr_final_20260807_154158_682.wav,2.96,16000,0.135819,0.9782,0.0,0.6803,0.3197,28.67,69.0,635.9,1050.3,likely_quiet
asr_final_20260807_154204_277.wav,2.96,16000,0.096908,0.7843,0.0,0.8129,0.1871,47.4,180.3,663.9,853.0,likely_quiet
asr_final_20260807_154239_937.wav,2.96,16000,0.123293,0.9298,0.0,0.1939,0.8061,76.53,-486.8,499.2,562.8,likely_quiet
asr_final_20260807_154301_948.wav,5.776,16000,0.110942,0.8412,0.0,0.6875,0.3125,44.02,207.3,563.5,660.5,likely_quiet
asr_final_20260807_155123_942.wav,5.264,16000,0.112001,0.9992,4.7e-05,0.4981,0.5019,22.89,145.7,496.2,508.7,likely_quiet
asr_final_20260807_155154_840.wav,2.96,16000,0.128663,0.9986,0.0,0.8605,0.1395,29.38,178.9,388.5,769.6,likely_quiet
asr_final_20260807_162924_520.wav,2.96,16000,0.074265,0.9998,2.1e-05,0.3367,0.6633,43.45,30.4,760.3,958.4,likely_quiet
asr_final_20260807_163645_800.wav,2.96,16000,0.148994,1.0,0.000148,0.6667,0.3333,29.21,168.7,570.9,808.1,likely_quiet
asr_final_20260807_164449_635.wav,2.96,16000,0.04596,0.7684,0.0,0.5612,0.4388,32.47,77.5,348.5,480.1,likely_quiet
asr_final_20260807_165138_506.wav,2.96,16000,0.03926,0.4586,0.0,0.4558,0.5442,23.55,38.9,637.6,808.8,likely_quiet
asr_final_20260807_165144_424.wav,2.96,16000,0.082252,0.9052,0.0,0.3163,0.6837,37.54,-46.0,783.2,1563.5,likely_quiet
asr_final_20260807_165157_474.wav,2.96,16000,0.199744,1.0,0.000317,0.517,0.483,37.59,48.3,500.8,836.5,likely_quiet
asr_final_20260807_165200_265.wav,2.56,16000,0.166885,0.9999,0.000146,0.6142,0.3858,43.82,-211.1,877.7,1731.2,likely_quiet
asr_final_20260807_165207_222.wav,3.216,16000,0.210786,1.0,7.8e-05,0.7438,0.2562,21.28,1.2,628.9,917.9,likely_quiet
asr_final_20260807_165210_037.wav,2.56,16000,0.074274,0.996,0.0,0.5157,0.4843,53.83,-193.8,760.8,1212.9,likely_quiet
asr_final_20260807_165349_617.wav,2.96,16000,0.092993,0.861,0.0,0.6599,0.3401,55.47,-31.4,771.7,1053.7,likely_quiet
asr_final_20260807_165440_453.wav,2.96,16000,0.05242,0.5622,0.0,0.7823,0.2177,53.04,-498.7,820.0,1017.2,likely_quiet
asr_final_20260807_165801_155.wav,2.96,16000,0.076946,0.9999,2.1e-05,0.2517,0.7483,47.8,31.0,946.4,1056.8,likely_quiet
asr_final_20260807_165852_836.wav,2.96,16000,0.059594,0.9985,0.0,0.4218,0.5782,45.58,-42.9,786.0,1059.5,likely_quiet
asr_final_20260807_165914_740.wav,2.96,16000,0.077076,0.9966,0.0,0.2959,0.7041,50.98,-86.1,940.2,1057.8,likely_quiet
asr_final_20260807_165931_385.wav,3.216,16000,0.099157,0.8423,0.0,0.5938,0.4062,23.38,-124.1,341.1,611.0,likely_quiet
asr_final_20260807_170040_368.wav,8.08,16000,0.107761,0.9999,3.1e-05,0.7605,0.2395,36.74,-42.8,625.7,793.3,likely_quiet
asr_final_20260807_170043_302.wav,2.56,16000,0.108338,1.0,2.4e-05,0.6496,0.3504,22.89,-37.6,588.1,747.3,likely_quiet
asr_final_20260807_170048_663.wav,2.96,16000,0.066601,0.6623,0.0,0.7857,0.2143,47.72,-190.7,879.3,1051.4,likely_quiet
asr_final_20260807_170212_040.wav,2.96,16000,0.065012,0.8381,0.0,0.4082,0.5918,59.3,-473.7,447.0,454.7,likely_quiet
asr_final_20260807_170216_436.wav,2.96,16000,0.053094,0.6811,0.0,0.7721,0.2279,30.61,-34.2,576.9,836.8,likely_quiet
asr_final_20260807_170238_928.wav,2.96,16000,0.072027,0.6623,0.0,0.8231,0.1769,61.94,-493.3,806.9,876.4,likely_quiet
asr_final_20260807_170344_266.wav,2.96,16000,0.066239,0.4903,0.0,0.8605,0.1395,37.03,196.5,712.7,821.3,likely_quiet
asr_final_20260807_170420_850.wav,2.96,16000,0.121714,0.9961,0.0,0.8299,0.1701,48.49,571.8,679.1,844.3,likely_quiet
asr_final_20260807_170427_795.wav,2.96,16000,0.084404,0.9987,0.0,0.7585,0.2415,57.49,-271.3,552.0,718.6,likely_quiet
asr_final_20260807_170503_443.wav,5.264,16000,0.162278,1.0,0.000214,0.6603,0.3397,24.24,116.6,599.1,880.3,likely_quiet
asr_final_20260807_170523_972.wav,5.52,16000,0.066103,0.6479,0.0,0.6164,0.3836,17.33,16.9,606.7,871.7,likely_farfield_or_muffled
asr_final_20260807_170611_476.wav,2.96,16000,0.103875,0.9461,0.0,0.6395,0.3605,35.99,51.8,660.6,815.5,likely_quiet
asr_final_20260807_170801_328.wav,2.96,16000,0.11751,1.0,0.000106,0.4558,0.5442,26.06,187.0,712.5,814.9,likely_quiet
asr_final_20260807_170804_369.wav,2.816,16000,0.071123,0.9997,2.2e-05,0.3179,0.6821,46.48,142.1,718.1,910.2,likely_quiet
asr_final_20260807_170815_160.wav,2.96,16000,0.06434,0.9999,2.1e-05,0.3401,0.6599,42.41,3.6,351.1,317.9,likely_quiet
asr_final_20260807_170901_249.wav,2.96,16000,0.112053,0.9999,6.3e-05,0.5952,0.4048,35.63,109.8,631.9,879.1,likely_quiet
asr_final_20260807_170913_862.wav,2.96,16000,0.096519,0.995,0.0,0.2585,0.7415,49.46,-186.9,705.6,922.6,likely_quiet
asr_final_20260807_170944_758.wav,2.96,16000,0.160777,0.9996,6.3e-05,0.7959,0.2041,28.7,146.4,659.9,837.5,likely_quiet
asr_final_20260807_170951_888.wav,2.96,16000,0.139765,0.988,0.0,0.8095,0.1905,54.54,-428.6,600.2,810.8,likely_quiet
asr_final_20260807_170954_824.wav,2.56,16000,0.086537,0.9987,0.0,0.4843,0.5157,16.76,124.0,685.0,1066.0,likely_farfield_or_muffled
asr_final_20260807_171006_351.wav,2.96,16000,0.037272,0.6405,0.0,0.5136,0.4864,65.99,-113.6,819.4,1065.2,likely_quiet
asr_final_20260807_171219_473.wav,2.96,16000,0.08496,0.8945,0.0,0.6769,0.3231,36.71,-63.9,715.1,815.9,likely_quiet
asr_final_20260807_172039_567.wav,2.96,16000,0.111743,0.9939,0.0,0.6429,0.3571,34.59,-13.1,586.5,854.4,likely_quiet
asr_final_20260807_172056_197.wav,2.816,16000,0.114948,1.0,4.4e-05,0.8214,0.1786,37.14,-277.6,670.8,876.8,likely_quiet
asr_final_20260807_172939_489.wav,2.96,16000,0.109108,1.0,4.2e-05,0.6531,0.3469,34.73,-145.0,861.5,1100.0,likely_quiet
asr_final_20260807_173501_301.wav,2.96,16000,0.135331,1.0,0.00019,0.4796,0.5204,27.85,40.5,635.0,853.4,likely_quiet
asr_final_20260807_173644_117.wav,2.96,16000,0.085928,0.9995,2.1e-05,0.5408,0.4592,29.74,110.4,246.2,271.3,likely_quiet
asr_final_20260807_173843_479.wav,2.96,16000,0.053575,0.9963,0.0,0.4048,0.5952,32.46,-92.9,520.0,707.4,likely_quiet
asr_final_20260807_174224_115.wav,2.96,16000,0.075594,0.968,0.0,0.4184,0.5816,50.32,-105.0,845.5,1284.8,likely_quiet
asr_final_20260807_174555_082.wav,2.96,16000,0.067941,0.998,0.0,0.3844,0.6156,33.86,-12.5,330.3,442.2,likely_quiet
asr_final_20260807_174744_612.wav,2.96,16000,0.130709,1.0,6.3e-05,0.7517,0.2483,16.98,43.6,317.9,437.8,likely_farfield_or_muffled
asr_final_20260807_174831_720.wav,3.216,16000,0.110999,0.9995,5.8e-05,0.6031,0.3969,29.62,-92.9,778.2,1017.4,likely_quiet
asr_final_20260807_174851_558.wav,2.96,16000,0.233027,1.0,0.000211,0.8367,0.1633,29.87,169.7,494.9,835.8,likely_quiet
asr_final_20260807_174854_355.wav,2.56,16000,0.145326,0.9999,2.4e-05,0.6339,0.3661,15.92,35.0,371.7,492.2,likely_farfield_or_muffled
asr_final_20260807_183620_519.wav,2.96,16000,0.071643,1.0,6.3e-05,0.7925,0.2075,36.53,-119.7,677.3,869.6,likely_quiet
asr_final_20260807_183704_343.wav,2.96,16000,0.073023,0.9984,0.0,0.4864,0.5136,30.54,116.4,779.2,857.1,likely_quiet
asr_final_20260807_184303_728.wav,2.96,16000,0.067672,0.7972,0.0,0.4422,0.5578,31.07,-63.7,554.8,591.2,likely_quiet
asr_final_20260807_184530_119.wav,2.96,16000,0.103366,1.0,4.2e-05,0.4218,0.5782,33.89,144.6,512.4,507.8,likely_quiet
asr_final_20260807_185009_691.wav,2.96,16000,0.077652,0.6715,0.0,0.3776,0.6224,32.92,-107.3,409.3,455.4,likely_quiet
asr_final_20260807_185253_770.wav,2.816,16000,0.047619,0.9867,0.0,0.1571,0.8429,46.19,-64.9,804.5,1059.7,likely_quiet
asr_final_20260807_185555_342.wav,2.96,16000,0.154283,1.0,0.000148,0.5476,0.4524,25.15,42.3,530.5,549.7,likely_quiet
asr_final_20260807_191328_419.wav,2.96,16000,0.090383,0.9998,4.2e-05,0.5238,0.4762,24.5,-14.9,371.0,435.5,likely_quiet
asr_final_20260807_191343_076.wav,2.96,16000,0.081644,1.0,4.2e-05,0.551,0.449,28.51,-79.7,625.9,780.1,likely_quiet
asr_final_20260807_191950_921.wav,2.96,16000,0.050863,0.9996,2.1e-05,0.2789,0.7211,34.32,-10.2,240.5,341.6,likely_quiet
asr_final_20260807_192429_896.wav,2.96,16000,0.076028,0.8644,0.0,0.3401,0.6599,31.84,-3.1,470.8,483.4,likely_quiet
asr_final_20260807_192847_429.wav,2.96,16000,0.124296,1.0,8.4e-05,0.4116,0.5884,34.74,111.8,509.8,639.9,likely_quiet
asr_final_20260807_193501_196.wav,2.96,16000,0.044678,0.6393,0.0,0.1701,0.8299,33.82,-108.1,404.8,499.0,likely_quiet
asr_final_20260807_193531_897.wav,2.96,16000,0.068793,1.0,2.1e-05,0.3265,0.6735,33.36,9.9,582.6,739.5,likely_quiet
asr_final_20260807_193835_701.wav,2.96,16000,0.1018,1.0,0.000127,0.2993,0.7007,36.25,-45.1,468.4,474.7,likely_quiet
asr_final_20260807_194041_475.wav,2.96,16000,0.039189,0.4573,0.0,0.3367,0.6633,30.07,32.2,455.4,476.4,likely_quiet
asr_final_20260807_194406_717.wav,2.96,16000,0.13756,1.0,0.000232,0.398,0.602,36.38,-104.4,631.8,848.3,likely_quiet
asr_final_20260807_194633_648.wav,2.96,16000,0.055526,0.6889,0.0,0.2959,0.7041,32.33,-21.4,447.2,662.2,likely_quiet
asr_final_20260807_194951_845.wav,2.96,16000,0.081583,0.999,2.1e-05,0.3844,0.6156,30.62,-15.5,447.1,449.3,likely_quiet
asr_final_20260807_195622_243.wav,2.96,16000,0.045959,0.5695,0.0,0.3197,0.6803,30.78,-46.0,432.6,448.6,likely_quiet
asr_final_20260807_200207_770.wav,2.96,16000,0.13001,1.0,4.2e-05,0.4252,0.5748,31.96,118.6,648.0,814.2,likely_quiet
asr_final_20260807_200420_714.wav,2.96,16000,0.093001,0.9996,2.1e-05,0.3333,0.6667,34.25,-79.5,513.0,561.1,likely_quiet
asr_final_20260807_200930_456.wav,2.96,16000,0.074243,0.9991,2.1e-05,0.3095,0.6905,35.11,-3.0,530.8,737.5,likely_quiet
asr_final_20260807_201601_297.wav,3.216,16000,0.082193,0.9996,5.8e-05,0.2156,0.7844,38.31,-63.5,803.7,980.1,likely_quiet
asr_final_20260807_204525_911.wav,4.496,16000,0.129122,1.0,7e-05,0.2612,0.7388,38.73,-131.9,871.0,988.0,likely_quiet
asr_final_20260807_204714_958.wav,2.96,16000,0.110243,0.9999,2.1e-05,0.3299,0.6701,36.57,-177.0,651.2,975.3,likely_quiet
asr_final_20260807_205055_422.wav,2.96,16000,0.118251,0.9999,6.3e-05,0.2959,0.7041,36.05,-95.4,504.3,819.9,likely_quiet
asr_final_20260807_205132_544.wav,2.96,16000,0.096104,0.9532,0.0,0.3197,0.6803,35.61,-13.2,448.7,468.6,likely_quiet
asr_final_20260807_205245_681.wav,2.96,16000,0.146018,0.9999,6.3e-05,0.4524,0.5476,38.03,-192.9,510.7,815.5,likely_quiet
asr_final_20260807_205322_873.wav,2.96,16000,0.107482,0.9898,0.0,0.2993,0.7007,38.26,-137.5,442.0,466.9,likely_quiet
asr_final_20260807_205436_342.wav,2.96,16000,0.036305,0.3817,0.0,0.3605,0.6395,33.27,-125.5,430.6,480.1,likely_quiet
asr_final_20260807_205720_127.wav,2.816,16000,0.075644,0.9999,4.4e-05,0.5536,0.4464,35.46,-54.2,608.5,821.4,likely_quiet
asr_final_20260807_210043_894.wav,2.96,16000,0.044875,0.7084,0.0,0.3571,0.6429,35.81,53.3,393.5,374.0,likely_quiet
asr_final_20260807_210234_295.wav,2.96,16000,0.058655,0.6216,0.0,0.2993,0.7007,35.94,-179.2,528.1,938.2,likely_quiet
asr_final_20260807_210538_015.wav,2.96,16000,0.078415,0.9734,0.0,0.3129,0.6871,38.72,7.6,414.3,446.6,likely_quiet
asr_final_20260807_210614_879.wav,2.96,16000,0.086678,0.9953,0.0,0.2551,0.7449,37.41,-195.4,516.8,818.6,likely_quiet
asr_final_20260807_210918_679.wav,2.96,16000,0.05756,0.7846,0.0,0.3163,0.6837,36.9,-78.1,446.0,425.7,likely_quiet
asr_final_20260807_210932_839.wav,2.96,16000,0.116848,1.0,8.4e-05,0.4966,0.5034,31.0,57.7,654.8,814.5,likely_quiet
asr_final_20260807_211603_300.wav,2.96,16000,0.087509,0.9999,4.2e-05,0.2959,0.7041,36.21,-82.8,610.9,851.7,likely_quiet
asr_final_20260807_211744_083.wav,2.96,16000,0.112866,0.9998,4.2e-05,0.4218,0.5782,32.09,139.3,476.2,784.1,likely_quiet
asr_final_20260807_211753_236.wav,5.264,16000,0.196317,1.0,0.000142,0.6393,0.3607,25.16,77.4,515.3,712.8,likely_quiet
asr_final_20260807_213426_475.wav,2.96,16000,0.141231,1.0,0.000169,0.415,0.585,36.35,-17.6,563.1,837.5,likely_quiet
asr_final_20260807_213605_294.wav,2.96,16000,0.048131,0.6982,0.0,0.3912,0.6088,29.89,-14.1,245.4,252.4,likely_quiet
asr_final_20260807_213655_480.wav,2.96,16000,0.238079,1.0,0.000296,0.6293,0.3707,12.22,25.6,635.9,1153.7,likely_farfield_or_muffled
asr_final_20260807_213658_364.wav,2.56,16000,0.060144,0.6711,0.0,0.5,0.5,35.23,-35.1,372.1,571.9,likely_quiet
asr_final_20260807_214156_790.wav,3.984,16000,0.057895,0.8014,0.0,0.6313,0.3687,26.39,4.8,330.7,476.7,likely_quiet
asr_final_20260807_214311_581.wav,2.96,16000,0.070836,0.9999,4.2e-05,0.1905,0.8095,47.43,-17.6,550.0,536.8,likely_quiet
asr_final_20260807_215313_194.wav,2.96,16000,0.043042,0.4677,0.0,0.2755,0.7245,32.61,33.6,303.6,440.5,likely_quiet
asr_final_20260807_215909_456.wav,2.96,16000,0.178791,1.0,0.000127,0.7279,0.2721,33.8,-20.1,260.0,267.9,likely_quiet
asr_final_20260807_221227_116.wav,2.96,16000,0.037976,0.6085,0.0,0.2449,0.7551,32.59,-99.2,402.6,449.3,likely_quiet
asr_final_20260807_221530_935.wav,2.96,16000,0.077164,0.8912,0.0,0.2721,0.7279,34.37,-66.0,447.1,466.6,likely_quiet
asr_final_20260807_221738_224.wav,2.96,16000,0.068913,1.0,8.4e-05,0.3367,0.6633,36.74,-122.2,602.8,1055.7,likely_quiet
asr_final_20260807_222025_906.wav,2.96,16000,0.059218,0.9999,8.4e-05,0.3265,0.6735,35.97,-52.1,523.9,729.7,likely_quiet
asr_final_20260807_222055_539.wav,2.96,16000,0.090729,1.0,2.1e-05,0.2687,0.7313,44.83,-242.0,562.1,740.2,likely_quiet
asr_final_20260807_222103_719.wav,2.96,16000,0.062463,1.0,8.4e-05,0.1497,0.8503,44.26,-80.1,981.9,1310.1,likely_quiet
asr_final_20260807_222525_189.wav,2.96,16000,0.222608,0.9999,0.000127,0.8435,0.1565,26.46,35.0,403.3,673.6,likely_quiet
asr_final_20260807_222528_154.wav,2.816,16000,0.144349,1.0,0.000133,0.6321,0.3679,30.39,-143.6,516.7,801.8,likely_quiet
asr_final_20260807_222536_690.wav,2.96,16000,0.098821,0.9995,2.1e-05,0.6259,0.3741,29.01,-4.4,338.0,375.7,likely_quiet
asr_final_20260807_222547_874.wav,2.96,16000,0.14022,1.0,2.1e-05,0.7415,0.2585,26.3,66.0,555.2,803.7,likely_quiet
asr_final_20260807_223538_002.wav,6.288,16000,0.131295,1.0,8.9e-05,0.5327,0.4673,37.03,-83.9,556.4,806.9,likely_quiet
asr_final_20260807_223545_109.wav,2.96,16000,0.070828,0.9993,2.1e-05,0.4184,0.5816,36.79,-6.9,502.7,575.3,likely_quiet
asr_final_20260807_223803_349.wav,2.96,16000,0.290979,1.0,0.000169,0.7415,0.2585,10.47,96.4,311.7,425.7,likely_farfield_or_muffled
asr_final_20260807_225634_690.wav,2.96,16000,0.041073,0.4227,0.0,0.2789,0.7211,29.55,-75.9,387.3,368.2,likely_quiet
asr_final_20260807_231628_366.wav,2.96,16000,0.063893,1.0,2.1e-05,0.2143,0.7857,37.83,-15.1,662.6,1065.2,likely_quiet
asr_final_20260807_232015_659.wav,2.96,16000,0.191371,1.0,0.000338,0.5,0.5,34.76,-97.2,705.5,1067.9,likely_quiet
asr_final_20260807_232019_240.wav,2.96,16000,0.130258,0.9999,0.000127,0.3503,0.6497,39.95,25.4,552.4,1043.9,likely_quiet
asr_final_20260807_233619_328.wav,3.216,16000,0.071556,0.9979,0.0,0.4031,0.5969,36.71,64.1,759.9,842.0,likely_quiet
asr_final_20260807_233646_835.wav,2.96,16000,0.182062,0.9998,6.3e-05,0.5782,0.4218,36.84,-64.3,622.5,888.9,likely_quiet
asr_final_20260807_233757_306.wav,2.96,16000,0.081841,0.9992,2.1e-05,0.3741,0.6259,37.61,71.9,639.9,747.6,likely_quiet
asr_final_20260807_233829_300.wav,2.96,16000,0.076778,0.9771,0.0,0.4286,0.5714,32.77,-21.5,541.3,806.1,likely_quiet
asr_final_20260807_233931_501.wav,2.96,16000,0.077293,1.0,4.2e-05,0.2551,0.7449,45.62,-91.6,705.6,730.1,likely_quiet
asr_final_20260807_233953_305.wav,2.96,16000,0.11701,1.0,8.4e-05,0.5068,0.4932,37.21,-44.6,708.4,870.9,likely_quiet
asr_final_20260807_234009_395.wav,2.96,16000,0.210382,1.0,0.000106,0.8333,0.1667,38.61,441.5,582.7,734.8,likely_quiet
asr_final_20260807_234012_279.wav,2.56,16000,0.094509,0.9992,2.4e-05,0.7795,0.2205,29.57,-31.1,656.7,835.2,likely_quiet
asr_final_20260807_234019_716.wav,2.96,16000,0.209559,1.0,0.00019,0.7585,0.2415,50.59,158.6,614.7,755.1,likely_quiet
asr_final_20260807_234022_982.wav,2.96,16000,0.117614,0.9999,4.2e-05,0.2789,0.7211,65.25,-426.7,723.2,976.7,likely_quiet
asr_final_20260808_000058_660.wav,4.496,16000,0.115357,1.0,5.6e-05,0.4487,0.5513,42.85,-142.1,864.0,1324.3,likely_quiet
asr_final_20260808_000824_039.wav,2.96,16000,0.113049,1.0,4.2e-05,0.398,0.602,47.45,-149.9,691.4,847.6,likely_quiet
asr_final_20260808_001658_059.wav,2.96,16000,0.080634,0.9954,0.0,0.6054,0.3946,32.47,81.1,328.6,438.2,likely_quiet
asr_final_20260808_002139_246.wav,6.544,16000,0.176548,0.9999,0.000172,0.681,0.319,33.73,19.0,653.5,843.1,likely_quiet
asr_final_20260808_002148_717.wav,2.192,16000,0.253955,0.9999,0.000143,0.8065,0.1935,38.25,,485.5,645.5,likely_quiet
asr_final_20260808_002159_720.wav,5.264,16000,0.103075,0.8919,0.0,0.5344,0.4656,67.7,-77.0,439.6,523.2,likely_quiet
asr_final_20260808_002222_999.wav,2.448,16000,0.103705,0.6768,0.0,0.5679,0.4321,27.33,-30.3,585.5,738.2,likely_quiet
asr_final_20260808_002228_905.wav,2.96,16000,0.115331,0.9582,0.0,0.8061,0.1939,70.08,-434.2,653.7,772.6,likely_quiet
asr_final_20260808_003220_279.wav,2.96,16000,0.074974,0.9371,0.0,0.5068,0.4932,22.75,-21.2,762.4,854.4,likely_quiet
asr_final_20260808_003412_330.wav,2.96,16000,0.096772,0.9447,0.0,0.7211,0.2789,27.46,94.3,425.3,611.8,likely_quiet
asr_final_20260808_003418_285.wav,2.96,16000,0.095953,0.9772,0.0,0.602,0.398,15.53,2.5,748.8,1166.6,likely_farfield_or_muffled
asr_final_20260808_003728_155.wav,2.96,16000,0.184511,0.9994,4.2e-05,0.5884,0.4116,14.2,-18.2,670.5,1026.7,likely_farfield_or_muffled
asr_final_20260808_003733_160.wav,3.728,16000,0.088753,0.5486,0.0,0.7251,0.2749,31.53,6.7,541.6,788.6,likely_quiet
asr_final_20260808_003910_344.wav,2.96,16000,0.068206,0.9964,0.0,0.8061,0.1939,37.3,8.3,524.3,710.8,likely_quiet
asr_final_20260808_004028_660.wav,3.728,16000,0.05963,0.9777,0.0,0.3477,0.6523,40.55,13.9,660.7,780.0,likely_quiet
asr_final_20260808_004156_930.wav,2.96,16000,0.134108,0.9983,0.0,0.7177,0.2823,23.15,7.0,788.9,1066.6,likely_quiet
asr_final_20260808_004201_080.wav,2.96,16000,0.081096,0.9897,0.0,0.6667,0.3333,37.65,-149.0,669.5,680.7,likely_quiet
asr_final_20260808_004219_011.wav,2.96,16000,0.094956,0.9995,2.1e-05,0.585,0.415,33.02,79.0,712.4,990.9,likely_quiet
asr_final_20260808_004336_530.wav,4.496,16000,0.075739,0.7445,0.0,0.8348,0.1652,24.62,61.3,663.0,866.1,likely_quiet
asr_final_20260808_004453_571.wav,2.96,16000,0.112906,1.0,8.4e-05,0.4014,0.5986,36.73,-31.2,834.6,1124.7,likely_quiet
asr_final_20260808_005227_671.wav,5.264,16000,0.096061,0.9997,1.2e-05,0.4427,0.5573,37.32,-21.4,652.8,737.5,likely_quiet
asr_final_20260808_005705_255.wav,4.496,16000,0.111535,0.9999,2.8e-05,0.6674,0.3326,34.77,37.5,611.8,835.6,likely_quiet
asr_final_20260808_011926_676.wav,2.96,16000,0.109599,0.9999,2.1e-05,0.5204,0.4796,15.56,-23.7,887.3,1060.5,likely_farfield_or_muffled
asr_final_20260808_012503_093.wav,2.96,16000,0.070443,0.9992,2.1e-05,0.6327,0.3673,15.63,-7.2,675.8,918.6,likely_farfield_or_muffled
asr_final_20260808_013439_018.wav,4.752,16000,0.071215,1.0,2.6e-05,0.4144,0.5856,34.45,-28.5,799.5,971.2,likely_quiet
asr_final_20260808_013631_641.wav,4.752,16000,0.075092,0.5757,0.0,0.797,0.203,22.89,100.1,884.7,1372.3,likely_quiet
asr_final_20260808_013649_865.wav,2.96,16000,0.085155,1.0,2.1e-05,0.2483,0.7517,40.38,-120.0,846.3,1674.3,likely_quiet
asr_final_20260808_013948_838.wav,2.96,16000,0.090246,0.9991,2.1e-05,0.3537,0.6463,33.6,-107.0,661.8,964.5,likely_quiet
asr_final_20260808_014517_408.wav,2.96,16000,0.109374,0.9999,2.1e-05,0.3401,0.6599,37.24,31.7,470.7,656.4,likely_quiet
asr_final_20260808_014904_604.wav,3.984,16000,0.105321,0.9785,0.0,0.8586,0.1414,20.12,60.1,703.3,806.7,likely_quiet
asr_final_20260808_015425_010.wav,2.96,16000,0.266715,1.0,0.00057,0.6599,0.3401,16.22,144.5,667.9,751.7,likely_farfield_or_muffled
asr_final_20260808_015430_134.wav,4.864,16000,0.101071,0.9999,3.9e-05,0.6322,0.3678,46.0,62.9,678.0,854.0,likely_quiet
asr_final_20260808_015626_114.wav,2.96,16000,0.10191,0.9292,0.0,0.3401,0.6599,46.63,-141.6,776.7,890.9,likely_quiet
asr_final_20260808_015632_044.wav,5.008,16000,0.111115,0.9926,0.0,0.6533,0.3467,22.77,-97.1,570.5,694.5,likely_quiet
asr_final_20260808_015634_838.wav,2.56,16000,0.080632,1.0,0.000122,0.4134,0.5866,43.16,58.7,688.4,773.4,likely_quiet
asr_final_20260808_020012_360.wav,2.96,16000,0.074754,0.9714,0.0,0.2449,0.7551,46.86,-252.6,527.7,562.8,likely_quiet
asr_final_20260808_020107_464.wav,2.96,16000,0.131635,0.9999,4.2e-05,0.7211,0.2789,43.73,230.0,490.3,648.3,likely_quiet
asr_final_20260808_020116_441.wav,2.96,16000,0.130833,0.9997,6.3e-05,0.6054,0.3946,21.79,-8.9,627.5,727.0,likely_quiet
asr_final_20260808_021032_186.wav,2.96,16000,0.049846,0.7292,0.0,0.4048,0.5952,45.96,-90.6,1167.2,1459.1,likely_quiet
asr_final_20260808_021220_514.wav,5.008,16000,0.088855,0.9999,1.2e-05,0.7896,0.2104,42.68,4.8,794.4,1037.7,likely_quiet
asr_final_20260808_021240_193.wav,2.96,16000,0.058041,0.9834,0.0,0.8095,0.1905,31.75,72.6,603.3,800.0,likely_quiet
asr_final_20260808_021357_795.wav,4.24,16000,0.130702,0.9999,4.4e-05,0.5806,0.4194,33.45,-47.1,701.5,787.3,likely_quiet
asr_final_20260808_022851_083.wav,2.96,16000,0.066306,0.9702,0.0,0.5918,0.4082,48.18,-352.0,951.8,1931.8,likely_quiet
asr_final_20260808_022944_371.wav,2.96,16000,0.111453,0.967,0.0,0.5408,0.4592,13.25,16.2,641.1,765.2,likely_farfield_or_muffled
asr_final_20260808_022957_479.wav,2.96,16000,0.078583,0.6772,0.0,0.7007,0.2993,32.77,127.5,740.1,905.7,likely_quiet
asr_final_20260808_023003_418.wav,5.008,16000,0.1398,0.9996,2.5e-05,0.7715,0.2285,25.6,188.0,577.2,700.7,likely_quiet
asr_final_20260808_023041_174.wav,2.96,16000,0.115775,0.7476,0.0,0.7109,0.2891,52.2,-198.8,1268.7,1478.4,likely_quiet
asr_final_20260808_023551_161.wav,2.96,16000,0.044214,0.5914,0.0,0.6361,0.3639,55.8,48.7,1262.4,1667.6,likely_quiet
asr_final_20260808_025006_440.wav,2.96,16000,0.143398,0.9999,0.000127,0.4524,0.5476,49.18,168.7,815.5,1131.8,likely_quiet
asr_final_20260808_025334_913.wav,2.96,16000,0.229242,1.0,0.000296,0.619,0.381,22.58,-84.1,569.2,738.9,likely_quiet
asr_final_20260808_025443_495.wav,2.96,16000,0.133643,0.9999,2.1e-05,0.7177,0.2823,38.58,-286.5,723.0,994.6,likely_quiet
asr_final_20260808_025631_557.wav,2.96,16000,0.111378,0.9987,0.0,0.6293,0.3707,32.33,142.9,617.7,758.1,likely_quiet
asr_final_20260808_025920_929.wav,2.96,16000,0.107439,0.9999,6.3e-05,0.2993,0.7007,61.96,224.5,1034.3,1536.1,likely_quiet
asr_final_20260808_031657_003.wav,2.96,16000,0.043765,0.7152,0.0,0.3027,0.6973,51.04,-151.6,468.1,360.1,likely_quiet
asr_final_20260808_031706_445.wav,2.96,16000,0.151641,0.9999,4.2e-05,0.7653,0.2347,20.56,120.5,533.2,727.4,likely_quiet
asr_final_20260808_031710_827.wav,2.96,16000,0.127529,0.9969,0.0,0.6565,0.3435,57.53,-310.6,623.2,703.7,likely_quiet
asr_final_20260808_031743_008.wav,2.96,16000,0.203,1.0,0.000106,0.7211,0.2789,48.94,-131.3,1052.1,1603.4,likely_quiet
asr_final_20260808_031748_995.wav,2.96,16000,0.112876,0.9984,0.0,0.483,0.517,71.09,-262.8,974.6,1492.9,likely_quiet
asr_final_20260808_034246_751.wav,4.24,16000,0.075651,0.9779,0.0,0.6043,0.3957,51.22,-144.7,692.1,847.4,likely_quiet
asr_final_20260808_035157_950.wav,2.96,16000,0.049799,0.7407,0.0,0.2177,0.7823,57.06,-114.8,689.4,694.9,likely_quiet
asr_final_20260808_040140_380.wav,2.96,16000,0.147163,0.9999,4.2e-05,0.5,0.5,47.69,66.1,513.6,495.6,likely_quiet
asr_final_20260808_040143_159.wav,2.56,16000,0.039132,0.5338,0.0,0.3898,0.6102,47.41,-56.8,674.1,818.8,likely_quiet
asr_final_20260808_040200_205.wav,2.96,16000,0.242165,0.9999,6.3e-05,0.8231,0.1769,38.1,204.6,483.7,546.3,likely_quiet
asr_final_20260808_040210_271.wav,2.96,16000,0.033548,0.3226,0.0,0.7143,0.2857,47.69,-212.6,523.5,685.8,likely_quiet
asr_final_20260808_042240_825.wav,2.96,16000,0.060575,0.7704,0.0,0.4354,0.5646,47.58,-46.7,509.6,548.3,likely_quiet
asr_final_20260808_043928_850.wav,2.96,16000,0.071975,1.0,6.3e-05,0.6293,0.3707,50.05,18.1,803.9,1141.6,likely_quiet
asr_final_20260808_044027_730.wav,2.96,16000,0.250438,0.9999,0.00038,0.5544,0.4456,23.05,143.5,668.3,830.1,likely_quiet
asr_final_20260808_044030_613.wav,2.56,16000,0.215676,0.9999,0.000146,0.5866,0.4134,17.8,51.5,505.5,862.9,likely_farfield_or_muffled
asr_final_20260808_044036_687.wav,3.216,16000,0.086762,0.9974,0.0,0.6375,0.3625,60.59,-58.1,893.4,1165.7,likely_quiet
asr_final_20260808_044041_810.wav,2.96,16000,0.088203,0.9635,0.0,0.7381,0.2619,64.85,-142.5,949.0,1573.0,likely_quiet
asr_final_20260808_044058_024.wav,2.96,16000,0.100067,0.8165,0.0,0.6395,0.3605,27.26,66.2,992.2,1134.8,likely_quiet
asr_final_20260808_044722_929.wav,2.96,16000,0.036941,0.6275,0.0,0.3571,0.6429,62.3,-51.2,1031.9,1259.8,likely_quiet
asr_final_20260808_045019_961.wav,3.472,16000,0.057016,0.7713,0.0,0.4522,0.5478,50.36,-146.1,800.9,994.2,likely_quiet
asr_final_20260808_045023_782.wav,2.96,16000,0.069076,0.6092,0.0,0.7041,0.2959,49.54,21.5,609.3,875.0,likely_quiet
asr_final_20260808_050444_359.wav,2.96,16000,0.091493,0.9912,0.0,0.6531,0.3469,53.86,-395.8,779.2,982.4,likely_quiet
asr_final_20260808_050820_918.wav,2.96,16000,0.054274,0.9774,0.0,0.381,0.619,57.85,-396.4,1164.0,1583.1,likely_quiet
asr_final_20260808_050824_831.wav,2.96,16000,0.088612,0.9464,0.0,0.5272,0.4728,46.55,70.8,760.8,977.7,likely_quiet
asr_final_20260808_051752_832.wav,2.96,16000,0.073279,0.9918,0.0,0.6701,0.3299,42.04,-5.2,684.6,956.4,likely_quiet
asr_final_20260808_052904_342.wav,2.96,16000,0.174313,0.9999,6.3e-05,0.6497,0.3503,42.22,-84.4,849.1,1235.8,likely_quiet
asr_final_20260808_053323_145.wav,2.96,16000,0.056201,0.6314,0.0,0.551,0.449,48.09,-47.3,700.1,1101.7,likely_quiet
asr_final_20260808_054521_225.wav,2.96,16000,0.069545,0.6561,0.0,0.2415,0.7585,43.85,-273.5,740.1,936.1,likely_quiet
asr_final_20260808_055032_116.wav,2.96,16000,0.162103,0.9999,0.000148,0.5068,0.4932,44.42,-145.5,789.8,1083.8,likely_quiet
asr_final_20260808_055250_914.wav,2.96,16000,0.124217,0.9969,0.0,0.4354,0.5646,49.41,-80.9,676.0,754.1,likely_quiet
asr_final_20260808_055254_843.wav,2.96,16000,0.20886,1.0,0.000127,0.6463,0.3537,52.16,-240.6,852.3,1088.9,likely_quiet
asr_final_20260808_061947_626.wav,2.96,16000,0.050721,0.5768,0.0,0.3333,0.6667,35.4,127.4,696.0,695.6,likely_quiet
asr_final_20260808_062058_210.wav,2.96,16000,0.060773,0.8708,0.0,0.5204,0.4796,17.38,6.1,709.7,925.7,likely_farfield_or_muffled
asr_final_20260808_062108_278.wav,5.264,16000,0.079044,0.9773,0.0,0.834,0.166,43.02,336.3,951.9,1090.6,likely_quiet
asr_final_20260808_062150_536.wav,4.24,16000,0.194714,1.0,4.4e-05,0.7891,0.2109,20.14,25.1,574.7,808.7,likely_quiet
asr_final_20260808_062153_335.wav,2.56,16000,0.086118,0.9206,0.0,0.7677,0.2323,26.5,120.5,814.2,984.4,likely_quiet
asr_final_20260808_062251_484.wav,2.96,16000,0.111087,0.9999,2.1e-05,0.6667,0.3333,22.88,-18.8,761.4,1305.1,likely_quiet
asr_final_20260808_062335_718.wav,2.96,16000,0.10122,0.9521,0.0,0.7007,0.2993,17.64,-47.3,886.3,1319.6,likely_farfield_or_muffled
asr_final_20260808_062343_957.wav,2.96,16000,0.0896,0.9183,0.0,0.7177,0.2823,10.09,38.3,695.9,783.8,likely_farfield_or_muffled
asr_final_20260808_062354_130.wav,2.96,16000,0.217547,1.0,0.000148,0.8639,0.1361,43.67,633.7,569.6,734.1,likely_quiet
asr_final_20260808_062400_039.wav,2.96,16000,0.104277,0.9999,4.2e-05,0.7313,0.2687,44.59,-1.2,481.8,492.9,likely_quiet
asr_final_20260808_062402_826.wav,2.56,16000,0.048334,0.6628,0.0,0.2087,0.7913,69.62,-578.4,443.2,527.3,likely_quiet
asr_final_20260808_063222_577.wav,1.168,16000,0.266909,0.9998,0.000214,0.6696,0.3304,16.28,87.3,672.8,767.1,likely_farfield_or_muffled
asr_final_20260808_063225_629.wav,8.704,16000,0.112166,0.9999,2.2e-05,0.5991,0.4009,19.78,-19.0,663.8,896.3,likely_farfield_or_muffled
asr_final_20260808_063624_693.wav,2.96,16000,0.304381,1.0,0.000359,0.7891,0.2109,37.16,166.9,584.1,687.8,likely_quiet
asr_final_20260808_063627_561.wav,2.56,16000,0.181852,0.9998,4.9e-05,0.7362,0.2638,62.29,-67.4,595.4,660.2,likely_quiet
asr_final_20260808_063630_353.wav,2.56,16000,0.172562,0.9248,0.0,0.7244,0.2756,26.33,-176.4,635.6,738.7,likely_quiet
asr_final_20260808_063952_821.wav,6.8,16000,0.155529,0.9999,1.8e-05,0.6372,0.3628,31.26,-11.5,730.8,1246.5,likely_quiet
asr_final_20260808_064001_778.wav,2.96,16000,0.135319,0.9863,0.0,0.4524,0.5476,67.57,-120.3,618.7,904.4,likely_quiet
asr_final_20260808_064151_305.wav,2.192,16000,0.186586,0.9999,0.000114,0.6359,0.3641,67.61,225.4,820.4,979.0,likely_quiet
asr_final_20260808_070745_738.wav,2.96,16000,0.060863,0.542,0.0,0.6259,0.3741,18.75,-18.9,800.8,1458.4,likely_farfield_or_muffled
asr_final_20260808_070748_586.wav,2.56,16000,0.045924,0.9103,0.0,0.2992,0.7008,55.45,-64.5,555.6,631.6,likely_quiet
asr_final_20260808_070839_721.wav,2.96,16000,0.086088,0.9995,2.1e-05,0.2143,0.7857,50.49,78.0,616.0,615.2,likely_quiet
asr_final_20260808_070914_999.wav,2.96,16000,0.216766,0.9999,0.00019,0.8469,0.1531,58.4,-398.7,722.8,1020.9,likely_quiet
asr_final_20260808_070917_932.wav,2.56,16000,0.221323,1.0,2.4e-05,0.7835,0.2165,73.32,-656.5,719.2,985.2,likely_quiet
asr_final_20260808_070929_704.wav,5.52,16000,0.104157,0.7796,0.0,0.7491,0.2509,64.32,38.4,834.1,1036.1,likely_quiet
asr_final_20260808_070944_103.wav,5.264,16000,0.12984,0.8584,0.0,0.479,0.521,73.01,273.3,749.2,848.4,likely_quiet
asr_final_20260808_085202_345.wav,4.24,16000,0.101015,0.9997,1.5e-05,0.4028,0.5972,49.88,107.8,694.2,898.8,likely_quiet
asr_final_20260808_085408_199.wav,2.96,16000,0.078139,1.0,4.2e-05,0.3401,0.6599,45.8,-212.6,784.4,1073.6,likely_quiet
asr_final_20260808_085817_560.wav,2.96,16000,0.061128,0.9999,2.1e-05,0.4184,0.5816,43.24,-27.6,686.7,1036.8,likely_quiet
asr_final_20260808_091807_467.wav,2.96,16000,0.090015,0.9999,2.1e-05,0.3503,0.6497,50.17,-160.6,905.9,1218.2,likely_quiet
asr_final_20260808_091820_516.wav,5.008,16000,0.112879,0.9979,0.0,0.5591,0.4409,15.36,-29.6,702.6,894.6,likely_farfield_or_muffled
asr_final_20260808_093643_880.wav,2.56,16000,0.063413,0.9835,0.0,0.5669,0.4331,34.7,-21.8,485.4,593.8,likely_quiet
asr_final_20260808_093650_046.wav,2.704,16000,0.142889,1.0,0.000231,0.4925,0.5075,49.46,-190.4,951.4,1427.9,likely_quiet
asr_final_20260808_093701_479.wav,2.96,16000,0.110025,0.9999,6.3e-05,0.5952,0.4048,41.72,-98.3,562.8,772.3,likely_quiet
asr_final_20260808_093845_719.wav,2.96,16000,0.167334,1.0,0.00019,0.5068,0.4932,26.85,45.8,906.7,1034.8,likely_quiet
asr_final_20260808_093849_063.wav,3.072,16000,0.209664,1.0,0.000142,0.7639,0.2361,44.75,-207.8,986.3,1316.7,likely_quiet
asr_final_20260808_094152_590.wav,2.96,16000,0.075498,0.736,0.0,0.8197,0.1803,41.41,260.5,828.2,1200.0,likely_quiet
asr_final_20260808_094442_995.wav,2.96,16000,0.13277,1.0,0.000106,0.466,0.534,48.46,13.5,804.3,932.8,likely_quiet
asr_final_20260808_094503_007.wav,2.96,16000,0.113771,0.9999,2.1e-05,0.4796,0.5204,36.24,-160.1,923.9,1245.6,likely_quiet
asr_final_20260808_094513_234.wav,2.96,16000,0.107863,0.9999,4.2e-05,0.5476,0.4524,63.54,-131.8,849.8,1002.0,likely_quiet
asr_final_20260808_094518_835.wav,2.96,16000,0.103119,0.9953,0.0,0.6973,0.3027,56.32,-113.9,970.0,1270.6,likely_quiet
asr_final_20260808_100030_024.wav,2.96,16000,0.147252,1.0,8.4e-05,0.3605,0.6395,73.95,-321.9,1057.8,1418.2,likely_quiet
asr_final_20260808_101019_718.wav,2.96,16000,0.094999,0.9999,2.1e-05,0.2959,0.7041,65.99,72.1,490.8,507.8,likely_quiet
asr_final_20260808_104825_805.wav,2.96,16000,0.06132,0.9903,0.0,0.1973,0.8027,57.44,-182.3,782.0,1132.1,likely_quiet
asr_final_20260808_104910_604.wav,4.752,16000,0.070752,0.9992,1.3e-05,0.3531,0.6469,48.81,2.5,664.3,752.3,likely_quiet
asr_final_20260808_105508_915.wav,2.96,16000,0.143698,1.0,0.000106,0.4626,0.5374,56.19,-204.2,571.4,792.2,likely_quiet
asr_final_20260808_105515_593.wav,2.96,16000,0.103852,0.7916,0.0,0.8571,0.1429,48.17,474.0,829.5,1334.1,likely_quiet
asr_final_20260808_105714_855.wav,2.96,16000,0.050849,0.3521,0.0,0.8435,0.1565,43.36,-267.2,609.5,751.0,likely_quiet
asr_final_20260808_105848_388.wav,2.96,16000,0.088116,0.8354,0.0,0.5918,0.4082,22.49,39.4,633.1,777.4,likely_quiet
asr_final_20260808_105927_061.wav,2.96,16000,0.219597,0.9999,4.2e-05,0.6599,0.3401,78.76,-446.9,763.4,1039.5,likely_quiet
asr_final_20260808_110113_488.wav,2.96,16000,0.083742,0.8616,0.0,0.551,0.449,15.68,21.8,892.4,1037.5,likely_farfield_or_muffled
asr_final_20260808_110129_894.wav,2.96,16000,0.055507,0.9909,0.0,0.4388,0.5612,45.36,85.2,697.6,826.4,likely_quiet
asr_final_20260808_110132_930.wav,2.816,16000,0.066598,0.6029,0.0,0.6571,0.3429,18.26,-24.9,739.2,970.9,likely_farfield_or_muffled
asr_final_20260808_110239_483.wav,2.96,16000,0.076408,0.4772,0.0,0.6803,0.3197,12.17,29.4,594.7,787.2,likely_farfield_or_muffled
asr_final_20260808_114147_258.wav,4.752,16000,0.192513,0.8321,0.0,0.8161,0.1839,66.24,-373.4,480.9,568.0,likely_quiet
asr_final_20260808_114205_142.wav,5.776,16000,0.139196,0.7632,0.0,0.5174,0.4826,75.22,-147.3,545.7,743.4,likely_quiet
asr_final_20260808_114218_972.wav,5.52,16000,0.175218,0.6968,0.0,0.7182,0.2818,73.03,217.5,480.8,511.8,likely_quiet
asr_final_20260808_114234_918.wav,5.008,16000,0.154066,0.8622,0.0,0.3487,0.6513,81.11,-0.0,496.2,587.7,likely_quiet
asr_final_20260808_114248_184.wav,5.52,16000,0.135515,0.8126,0.0,0.1945,0.8055,85.9,191.8,488.9,584.8,likely_quiet
asr_final_20260808_114258_101.wav,3.216,16000,0.158272,0.7834,0.0,0.8875,0.1125,72.29,,686.5,896.8,likely_quiet
asr_final_20260808_114302_907.wav,2.96,16000,0.164824,0.8011,0.0,0.6633,0.3367,76.49,-582.0,581.3,687.8,likely_quiet
asr_final_20260808_114308_180.wav,3.216,16000,0.048832,0.579,0.0,0.3187,0.6813,67.62,-107.4,682.8,842.0,likely_quiet
asr_final_20260808_120907_560.wav,2.96,16000,0.108177,0.9996,2.1e-05,0.517,0.483,39.8,-209.3,588.0,772.3,likely_quiet
asr_final_20260808_130606_569.wav,2.96,16000,0.181447,1.0,0.000106,0.8163,0.1837,37.69,-87.5,487.3,586.5,likely_quiet
asr_final_20260808_130707_314.wav,2.96,16000,0.10576,0.9999,6.3e-05,0.5272,0.4728,46.08,-76.6,1020.0,1401.0,likely_quiet
asr_final_20260808_131130_412.wav,2.96,16000,0.098738,0.9565,0.0,0.3571,0.6429,46.12,170.7,447.7,726.0,likely_quiet
asr_final_20260808_131135_770.wav,2.96,16000,0.076845,1.0,2.1e-05,0.5238,0.4762,43.88,35.5,723.9,903.4,likely_quiet
asr_final_20260808_131246_754.wav,5.008,16000,0.075246,0.9999,1.2e-05,0.3848,0.6152,41.05,-159.8,719.7,1347.2,likely_quiet
asr_final_20260808_131322_841.wav,5.52,16000,0.093022,1.0,2.3e-05,0.5618,0.4382,47.27,185.0,905.2,1149.8,likely_quiet
asr_final_20260808_131328_939.wav,2.96,16000,0.056093,0.9336,0.0,0.6497,0.3503,16.71,11.2,974.8,1514.9,likely_moderate
asr_final_20260808_131341_522.wav,2.96,16000,0.142027,0.9999,2.1e-05,0.6701,0.3299,33.36,-162.2,695.2,967.9,likely_quiet
asr_final_20260808_131509_858.wav,2.96,16000,0.051681,0.9952,0.0,0.466,0.534,42.89,-40.0,927.7,1629.7,likely_quiet
asr_final_20260808_131523_601.wav,2.96,16000,0.211933,1.0,0.000296,0.6837,0.3163,20.62,141.3,561.3,623.0,likely_quiet
asr_final_20260808_131528_217.wav,2.96,16000,0.15211,1.0,2.1e-05,0.8061,0.1939,44.49,59.3,618.7,682.8,likely_quiet
asr_final_20260808_131728_844.wav,2.96,16000,0.118207,1.0,8.4e-05,0.4728,0.5272,52.29,-307.2,710.8,1000.7,likely_quiet
asr_final_20260808_131936_015.wav,2.96,16000,0.160548,1.0,0.000169,0.551,0.449,49.23,-103.6,625.6,908.8,likely_quiet
asr_final_20260808_132427_339.wav,2.96,16000,0.080497,0.9998,2.1e-05,0.1633,0.8367,51.53,141.4,737.0,1114.5,likely_quiet
asr_final_20260808_132433_806.wav,2.96,16000,0.099999,0.9999,2.1e-05,0.1429,0.8571,59.16,-274.7,645.9,804.7,likely_quiet
asr_final_20260808_132441_418.wav,2.96,16000,0.049821,0.9091,0.0,0.432,0.568,32.04,14.4,683.7,833.1,likely_quiet
asr_final_20260808_132451_461.wav,2.96,16000,0.04134,0.3195,0.0,0.4762,0.5238,39.05,364.5,495.1,568.9,likely_quiet
asr_final_20260808_132520_913.wav,2.96,16000,0.065026,0.8141,0.0,0.6939,0.3061,39.52,68.6,424.5,473.6,likely_quiet
asr_final_20260808_133001_214.wav,3.728,16000,0.12928,0.9991,1.7e-05,0.8248,0.1752,34.97,-105.7,847.8,1353.3,likely_quiet
asr_final_20260808_133037_994.wav,2.96,16000,0.089201,0.9958,0.0,0.3878,0.6122,55.38,-339.9,858.4,1324.7,likely_quiet
asr_final_20260808_133200_436.wav,2.96,16000,0.08693,0.7747,0.0,0.6224,0.3776,46.66,126.0,588.3,723.0,likely_quiet
asr_final_20260808_133822_909.wav,2.96,16000,0.162837,0.9997,8.4e-05,0.5952,0.4048,31.47,-33.7,592.5,616.2,likely_quiet
asr_final_20260808_133833_460.wav,2.96,16000,0.056577,0.7116,0.0,0.381,0.619,46.69,-40.6,637.1,726.0,likely_quiet
asr_final_20260808_134158_188.wav,2.96,16000,0.04712,0.4105,0.0,0.7381,0.2619,34.42,-40.1,530.6,664.9,likely_quiet
asr_final_20260808_142447_921.wav,2.96,16000,0.147657,0.9999,6.3e-05,0.7551,0.2449,33.9,130.3,904.5,1549.0,likely_quiet
asr_final_20260808_142541_926.wav,5.52,16000,0.069923,0.9992,1.1e-05,0.4945,0.5055,39.05,11.9,803.8,1061.4,likely_quiet
asr_final_20260808_143910_600.wav,2.96,16000,0.064668,0.9994,2.1e-05,0.5952,0.4048,38.94,160.7,566.2,854.4,likely_quiet
asr_final_20260808_144042_757.wav,2.96,16000,0.124827,1.0,0.00019,0.432,0.568,34.76,110.7,438.3,456.8,likely_quiet
asr_final_20260808_144113_304.wav,3.216,16000,0.074737,0.9999,1.9e-05,0.3875,0.6125,32.18,-99.0,766.2,898.6,likely_quiet
asr_final_20260808_144543_874.wav,2.96,16000,0.226277,1.0,0.00019,0.6497,0.3503,25.07,172.8,720.1,1122.3,likely_quiet
asr_final_20260808_144546_666.wav,2.56,16000,0.174882,0.9999,2.4e-05,0.622,0.378,19.02,0.2,640.5,864.8,likely_farfield_or_muffled
asr_final_20260808_144549_466.wav,2.56,16000,0.100391,0.9173,0.0,0.6811,0.3189,24.44,-69.5,1053.8,1653.9,likely_quiet
asr_final_20260808_144558_983.wav,2.96,16000,0.030388,0.4145,0.0,0.4354,0.5646,55.53,-107.7,702.2,734.8,likely_quiet
asr_final_20260808_144721_635.wav,2.96,16000,0.11238,0.9843,0.0,0.5952,0.4048,24.97,26.2,887.1,1155.4,likely_quiet
asr_final_20260808_144724_689.wav,2.816,16000,0.085701,0.6887,0.0,0.5429,0.4571,67.61,-302.6,556.2,813.9,likely_quiet
asr_final_20260808_144752_359.wav,2.96,16000,0.089246,0.7144,0.0,0.6361,0.3639,18.73,67.8,816.6,1021.6,likely_farfield_or_muffled
asr_final_20260808_144940_425.wav,3.216,16000,0.098633,0.7783,0.0,0.7031,0.2969,22.92,96.3,796.9,1127.8,likely_quiet
asr_final_20260808_144957_720.wav,2.96,16000,0.074475,0.8899,0.0,0.8435,0.1565,68.47,530.8,772.3,1098.6,likely_quiet
asr_final_20260808_145113_626.wav,2.56,16000,0.087178,0.6148,0.0,0.6063,0.3937,17.27,106.3,879.1,1057.0,likely_farfield_or_muffled
asr_final_20260808_145306_517.wav,2.96,16000,0.110764,0.9998,2.1e-05,0.6224,0.3776,31.45,151.3,515.7,545.3,likely_quiet
asr_final_20260808_145310_344.wav,3.216,16000,0.083939,0.9991,1.9e-05,0.3375,0.6625,56.05,-77.3,697.2,823.1,likely_quiet
asr_final_20260808_145323_562.wav,2.96,16000,0.117395,0.9875,0.0,0.8571,0.1429,42.59,635.4,792.4,1090.2,likely_quiet
asr_final_20260808_145338_743.wav,2.96,16000,0.062387,0.6991,0.0,0.6156,0.3844,51.38,-159.2,982.6,1144.3,likely_quiet
asr_final_20260808_145430_360.wav,2.96,16000,0.050834,0.8958,0.0,0.4762,0.5238,51.8,-34.2,793.1,1064.9,likely_quiet
asr_final_20260808_145536_263.wav,2.96,16000,0.050553,0.9836,0.0,0.5714,0.4286,46.64,-15.2,798.0,1049.0,likely_quiet
asr_final_20260808_150203_719.wav,2.96,16000,0.098126,0.9892,0.0,0.4286,0.5714,32.95,-130.2,740.4,982.4,likely_quiet
asr_final_20260808_150206_839.wav,2.816,16000,0.073049,0.5609,0.0,0.6143,0.3857,37.83,336.1,467.9,591.6,likely_quiet
asr_final_20260808_150516_518.wav,2.96,16000,0.122205,1.0,2.1e-05,0.7075,0.2925,40.45,86.2,944.5,1068.6,likely_quiet
asr_final_20260808_150519_562.wav,2.816,16000,0.115167,0.9999,2.2e-05,0.6571,0.3429,53.07,-477.9,906.2,1333.1,likely_quiet
asr_final_20260808_150800_663.wav,2.96,16000,0.08215,0.844,0.0,0.5272,0.4728,39.17,61.8,598.6,722.0,likely_quiet
asr_final_20260808_150859_346.wav,3.984,16000,0.127114,1.0,6.3e-05,0.702,0.298,35.73,271.1,794.8,1253.8,likely_quiet
asr_final_20260808_150910_825.wav,3.216,16000,0.102609,0.5656,0.0,0.6594,0.3406,20.76,-80.6,684.8,852.9,likely_quiet
asr_final_20260808_151600_679.wav,2.96,16000,0.049606,0.3748,0.0,0.8605,0.1395,45.65,-208.2,717.0,1302.4,likely_quiet
asr_final_20260808_151609_622.wav,2.96,16000,0.072421,0.9369,0.0,0.6735,0.3265,37.84,-0.3,765.9,973.0,likely_quiet
asr_final_20260808_151716_908.wav,2.96,16000,0.068008,0.4581,0.0,0.6497,0.3503,50.08,-388.0,442.0,473.3,likely_quiet
asr_final_20260808_151740_200.wav,2.96,16000,0.112814,0.8772,0.0,0.6599,0.3401,68.39,55.5,670.3,748.0,likely_quiet
asr_final_20260808_151834_983.wav,2.96,16000,0.168955,0.9999,0.000106,0.7109,0.2891,45.23,243.4,665.7,1069.9,likely_quiet
asr_final_20260808_151840_612.wav,2.96,16000,0.107667,0.9991,2.1e-05,0.2721,0.7279,64.34,-256.8,519.1,619.6,likely_quiet
asr_final_20260808_152348_585.wav,2.96,16000,0.125612,1.0,8.4e-05,0.6224,0.3776,37.49,-4.5,695.8,843.9,likely_quiet
asr_final_20260808_153908_848.wav,2.96,16000,0.125442,0.9996,4.2e-05,0.534,0.466,35.94,-17.1,790.5,1293.9,likely_quiet
asr_final_20260808_153913_224.wav,2.96,16000,0.1731,0.9991,2.1e-05,0.534,0.466,26.7,-141.1,636.8,814.5,likely_quiet
asr_final_20260808_153916_101.wav,2.56,16000,0.081421,0.9992,2.4e-05,0.6969,0.3031,34.95,85.4,549.2,812.1,likely_quiet
asr_final_20260808_153950_839.wav,2.96,16000,0.046761,0.7404,0.0,0.398,0.602,41.64,101.8,648.3,895.9,likely_quiet
asr_final_20260808_154033_143.wav,2.96,16000,0.111112,1.0,4.2e-05,0.5986,0.4014,26.84,-81.5,820.4,1396.6,likely_quiet
asr_final_20260808_154045_880.wav,2.96,16000,0.13515,1.0,4.2e-05,0.6633,0.3367,35.12,188.3,615.4,715.5,likely_quiet
asr_final_20260808_154048_919.wav,2.816,16000,0.122277,0.9993,2.2e-05,0.5821,0.4179,47.51,-104.1,415.9,519.5,likely_quiet
asr_final_20260808_155230_101.wav,5.264,16000,0.09498,1.0,7.1e-05,0.3263,0.6737,37.37,-50.0,579.9,945.3,likely_quiet
asr_final_20260808_155748_066.wav,2.96,16000,0.061344,0.9654,0.0,0.466,0.534,42.6,13.9,837.5,1090.5,likely_quiet
asr_final_20260808_155822_379.wav,2.96,16000,0.132823,0.9887,0.0,0.7993,0.2007,46.83,-143.9,836.9,1003.0,likely_quiet
asr_final_20260808_155833_578.wav,2.96,16000,0.068604,0.8564,0.0,0.7075,0.2925,60.07,-196.5,666.2,662.5,likely_quiet
asr_final_20260808_155850_794.wav,2.96,16000,0.085639,0.8802,0.0,0.6463,0.3537,31.43,243.5,728.9,926.7,likely_quiet
asr_final_20260808_155853_605.wav,2.56,16000,0.064064,0.6884,0.0,0.5,0.5,16.43,51.4,701.3,909.4,likely_farfield_or_muffled
asr_final_20260808_160105_647.wav,2.816,16000,0.076836,0.7946,0.0,0.5536,0.4464,18.72,56.4,999.1,1158.4,likely_moderate
asr_final_20260808_160154_519.wav,2.96,16000,0.057487,0.5363,0.0,0.6939,0.3061,23.47,142.3,718.8,850.3,likely_quiet
asr_final_20260808_160304_929.wav,2.96,16000,0.085245,0.7092,0.0,0.8503,0.1497,50.5,-337.1,754.0,1033.8,likely_quiet
asr_final_20260808_160307_999.wav,2.816,16000,0.09234,0.7197,0.0,0.8786,0.1214,78.2,,813.4,1203.8,likely_quiet
asr_final_20260808_160316_546.wav,2.96,16000,0.062156,0.5471,0.0,0.7551,0.2449,28.86,154.5,778.5,950.0,likely_quiet
asr_final_20260808_160359_271.wav,2.96,16000,0.044972,0.4967,0.0,0.7109,0.2891,65.06,-247.0,940.4,1369.3,likely_quiet
asr_final_20260808_164112_735.wav,2.96,16000,0.074134,0.9851,0.0,0.2347,0.7653,36.47,-57.5,703.8,1052.0,likely_quiet
asr_final_20260808_165047_175.wav,4.752,16000,0.136585,1.0,0.00025,0.3066,0.6934,39.1,-152.4,641.2,719.5,likely_quiet
asr_final_20260808_165050_064.wav,2.56,16000,0.1718,1.0,0.000122,0.3661,0.6339,51.05,-251.9,644.4,847.7,likely_quiet
asr_final_20260808_165054_601.wav,4.352,16000,0.191314,0.9999,0.000129,0.612,0.388,46.13,95.5,591.2,805.1,likely_quiet
asr_final_20260808_165059_718.wav,4.864,16000,0.108901,0.9212,0.0,0.7004,0.2996,39.76,-124.6,711.4,992.8,likely_quiet
asr_final_20260808_170435_118.wav,2.96,16000,0.111912,1.0,6.3e-05,0.6837,0.3163,32.87,117.5,710.6,857.1,likely_quiet
asr_final_20260808_170739_898.wav,2.96,16000,0.070613,0.9989,0.0,0.6633,0.3367,33.86,102.6,448.7,804.7,likely_quiet
asr_final_20260808_175731_349.wav,2.96,16000,0.040044,0.654,0.0,0.2857,0.7143,31.52,11.8,472.0,848.3,likely_quiet
asr_final_20260808_180206_331.wav,2.56,16000,0.069666,0.9998,4.9e-05,0.2323,0.7677,41.91,-64.5,429.0,612.9,likely_quiet
asr_final_20260808_181016_200.wav,2.96,16000,0.044715,0.7715,0.0,0.3367,0.6633,29.8,13.8,414.2,506.1,likely_quiet
asr_final_20260808_181746_566.wav,2.96,16000,0.31237,1.0,0.00057,0.8435,0.1565,41.15,,355.3,669.3,likely_quiet
asr_final_20260808_181751_452.wav,4.496,16000,0.159053,1.0,9.7e-05,0.6161,0.3839,37.25,-66.6,490.2,703.5,likely_quiet
asr_final_20260808_181939_178.wav,2.96,16000,0.110928,0.9999,6.3e-05,0.2381,0.7619,42.42,-91.3,761.7,1159.1,likely_quiet
asr_final_20260808_181943_024.wav,2.96,16000,0.168893,1.0,0.000148,0.534,0.466,41.41,-170.7,592.7,961.8,likely_quiet
asr_final_20260808_182009_412.wav,2.96,16000,0.180918,0.9999,4.2e-05,0.7857,0.2143,41.69,-112.5,513.9,685.8,likely_quiet
asr_final_20260808_182014_458.wav,2.96,16000,0.074937,0.9964,0.0,0.5272,0.4728,43.15,113.7,959.3,1063.9,likely_quiet
asr_final_20260808_182022_960.wav,2.96,16000,0.071361,0.9676,0.0,0.7415,0.2585,41.29,-189.0,622.7,1035.5,likely_quiet
asr_final_20260808_183001_265.wav,2.96,16000,0.051598,0.489,0.0,0.3946,0.6054,38.37,-13.0,509.6,553.4,likely_quiet
asr_final_20260808_183913_150.wav,2.96,16000,0.075472,1.0,4.2e-05,0.3435,0.6565,34.76,-66.7,810.8,1017.2,likely_quiet
asr_final_20260808_184013_549.wav,2.96,16000,0.069012,0.8441,0.0,0.3333,0.6667,31.41,28.3,371.0,689.2,likely_quiet
asr_final_20260808_184839_389.wav,2.96,16000,0.153358,0.9999,0.000127,0.5918,0.4082,32.23,0.9,589.1,792.9,likely_quiet
asr_final_20260808_193337_017.wav,3.216,16000,0.08722,0.9989,0.0,0.4062,0.5938,29.51,-0.6,465.7,699.3,likely_quiet
asr_final_20260808_194604_532.wav,2.96,16000,0.083977,1.0,2.1e-05,0.3129,0.6871,31.77,-45.4,795.2,978.7,likely_quiet
asr_final_20260808_201146_977.wav,2.96,16000,0.047288,0.5894,0.0,0.2075,0.7925,32.62,-76.9,414.4,381.1,likely_quiet
asr_final_20260808_201831_353.wav,2.96,16000,0.050845,0.6701,0.0,0.2347,0.7653,32.99,23.8,392.5,366.2,likely_quiet
asr_final_20260808_202418_997.wav,2.96,16000,0.04827,0.9543,0.0,0.2551,0.7449,33.7,-40.0,447.2,489.9,likely_quiet
asr_final_20260808_203237_489.wav,2.96,16000,0.09133,1.0,6.3e-05,0.3401,0.6599,34.88,-55.4,435.3,475.0,likely_quiet
asr_final_20260808_204225_679.wav,2.96,16000,0.091778,0.9529,0.0,0.3095,0.6905,34.75,-112.1,517.8,753.0,likely_quiet
asr_final_20260808_205201_497.wav,2.96,16000,0.145793,1.0,6.3e-05,0.6735,0.3265,33.89,143.3,378.8,416.2,likely_quiet
asr_final_20260808_205321_796.wav,2.96,16000,0.09777,0.9999,2.1e-05,0.4592,0.5408,37.28,-39.1,680.8,842.9,likely_quiet
asr_final_20260808_205325_695.wav,2.96,16000,0.119202,0.9985,0.0,0.5102,0.4898,39.34,-177.7,562.8,766.6,likely_quiet
asr_final_20260808_205913_091.wav,2.96,16000,0.10546,0.9975,0.0,0.5578,0.4422,36.39,169.9,405.3,464.5,likely_quiet
asr_final_20260808_210717_854.wav,2.96,16000,0.102452,0.9863,0.0,0.5102,0.4898,23.58,81.9,271.4,344.6,likely_quiet
asr_final_20260808_211414_450.wav,5.008,16000,0.190127,1.0,0.000112,0.6573,0.3427,19.77,25.5,280.9,329.5,likely_farfield_or_muffled
asr_final_20260808_212139_274.wav,2.96,16000,0.060095,0.6141,0.0,0.2993,0.7007,32.82,39.7,391.1,428.4,likely_quiet
asr_final_20260808_212747_138.wav,2.96,16000,0.115509,0.9999,8.4e-05,0.3061,0.6939,36.56,-46.0,530.7,728.0,likely_quiet
asr_final_20260808_213109_381.wav,2.96,16000,0.033771,0.3942,0.0,0.2279,0.7721,35.76,-21.8,460.6,837.8,likely_quiet
asr_final_20260808_213718_010.wav,2.96,16000,0.060279,0.9702,0.0,0.5408,0.4592,24.3,21.2,262.4,343.6,likely_quiet
asr_final_20260808_214130_228.wav,2.96,16000,0.221501,1.0,0.000253,0.8299,0.1701,34.51,128.0,491.4,807.4,likely_quiet
asr_final_20260808_214133_238.wav,2.816,16000,0.217964,1.0,6.7e-05,0.7107,0.2893,15.36,-31.0,363.5,569.6,likely_farfield_or_muffled
asr_final_20260808_215411_040.wav,2.96,16000,0.064622,0.8815,0.0,0.4456,0.5544,31.46,91.3,281.8,277.7,likely_quiet
asr_final_20260808_221109_123.wav,2.96,16000,0.072835,0.9999,2.1e-05,0.3741,0.6259,34.03,17.6,388.2,373.6,likely_quiet
asr_final_20260808_221323_196.wav,2.96,16000,0.106751,1.0,4.2e-05,0.415,0.585,32.85,-4.4,776.8,815.9,likely_quiet
asr_final_20260808_221327_299.wav,2.96,16000,0.033294,0.3913,0.0,0.2347,0.7653,31.62,-113.1,473.3,640.9,likely_quiet
asr_final_20260808_223120_227.wav,5.52,16000,0.099719,0.9999,6.8e-05,0.4836,0.5164,31.18,0.8,545.6,818.8,likely_quiet
asr_final_20260808_223130_721.wav,2.96,16000,0.280536,1.0,0.000486,0.8095,0.1905,29.06,-19.4,542.6,665.9,likely_quiet
asr_final_20260808_224051_779.wav,2.96,16000,0.123113,1.0,0.000106,0.2415,0.7585,42.16,-136.9,629.0,793.2,likely_quiet
asr_final_20260808_224058_255.wav,2.96,16000,0.23784,1.0,0.000232,0.5646,0.4354,14.52,11.0,606.6,811.8,likely_farfield_or_muffled
asr_final_20260808_224101_079.wav,2.56,16000,0.089039,0.9999,7.3e-05,0.6929,0.3071,31.52,-42.1,649.0,853.5,likely_quiet
asr_final_20260808_225006_126.wav,2.96,16000,0.231752,1.0,0.000148,0.7347,0.2653,13.06,85.3,473.8,796.3,likely_farfield_or_muffled
asr_final_20260808_225009_072.wav,2.816,16000,0.153508,1.0,6.7e-05,0.525,0.475,23.48,-36.4,627.2,812.5,likely_quiet
asr_final_20260809_010606_023.wav,2.96,16000,0.124734,0.9445,0.0,0.3571,0.6429,50.01,-230.3,692.1,740.9,likely_quiet
asr_final_20260809_010856_749.wav,2.96,16000,0.130764,0.9999,0.000106,0.551,0.449,46.31,-109.8,561.8,751.4,likely_quiet
asr_final_20260809_011619_157.wav,2.96,16000,0.126515,0.9968,0.0,0.6701,0.3299,33.35,125.8,552.3,656.8,likely_quiet
asr_final_20260809_011623_169.wav,2.96,16000,0.272679,1.0,0.00038,0.7449,0.2551,23.77,175.0,517.5,681.1,likely_quiet
asr_final_20260809_011627_094.wav,2.96,16000,0.220662,1.0,0.000148,0.8163,0.1837,38.46,5.8,709.6,979.1,likely_quiet
asr_final_20260809_011629_882.wav,2.56,16000,0.176759,0.9999,4.9e-05,0.563,0.437,12.88,100.5,618.6,842.2,likely_farfield_or_muffled
asr_final_20260809_011632_666.wav,2.56,16000,0.060121,0.4408,0.0,0.7874,0.2126,29.61,175.0,369.3,452.7,likely_quiet
asr_final_20260809_011706_741.wav,2.96,16000,0.053559,0.9888,0.0,0.3129,0.6871,50.58,-12.6,917.2,1609.8,likely_quiet
asr_final_20260809_011756_359.wav,2.96,16000,0.045253,0.555,0.0,0.6871,0.3129,37.96,39.5,967.8,1152.0,likely_quiet
asr_final_20260809_012403_472.wav,2.96,16000,0.147581,1.0,0.000127,0.5782,0.4218,54.31,-169.0,580.7,704.7,likely_quiet
asr_final_20260809_012431_247.wav,5.52,16000,0.186478,1.0,4.5e-05,0.3836,0.6164,78.51,-465.4,382.7,373.6,likely_quiet
asr_final_20260809_012445_691.wav,5.264,16000,0.182307,0.9783,0.0,0.687,0.313,73.1,-318.4,422.6,541.0,likely_quiet
asr_final_20260809_012502_830.wav,5.776,16000,0.115392,0.7903,0.0,0.5781,0.4219,71.86,-484.3,480.8,660.3,likely_quiet
asr_final_20260809_012550_893.wav,5.52,16000,0.11122,0.8866,0.0,0.3527,0.6473,78.85,627.0,465.1,576.3,likely_quiet
asr_final_20260809_012613_450.wav,5.264,16000,0.123222,0.8807,0.0,0.3779,0.6221,80.26,-0.0,558.7,635.8,likely_quiet
asr_final_20260809_012623_971.wav,5.008,16000,0.1218,0.9077,0.0,0.2806,0.7194,82.24,151.1,467.3,580.7,likely_quiet
asr_final_20260809_012635_055.wav,5.264,16000,0.097136,0.8318,0.0,0.3282,0.6718,80.17,-0.0,562.2,693.2,likely_quiet
asr_final_20260809_012813_065.wav,2.304,16000,0.07466,0.7196,0.0,0.2588,0.7412,66.88,-375.7,601.5,671.9,likely_quiet
asr_final_20260809_012820_344.wav,1.424,16000,0.16403,0.9681,0.0,0.7643,0.2357,69.2,,638.7,778.8,likely_quiet
asr_final_20260809_012840_030.wav,2.96,16000,0.090639,0.9385,0.0,0.5374,0.4626,76.22,-355.3,593.5,703.0,likely_quiet
asr_final_20260809_013932_020.wav,2.96,16000,0.106581,0.7791,0.0,0.7177,0.2823,47.12,-232.7,649.7,736.8,likely_quiet
asr_final_20260809_014831_393.wav,2.96,16000,0.09162,0.9998,2.1e-05,0.6531,0.3469,29.58,-124.5,701.0,888.2,likely_quiet
asr_final_20260809_014834_273.wav,2.56,16000,0.070558,0.9675,0.0,0.5709,0.4291,52.03,-186.0,771.7,820.3,likely_quiet
asr_final_20260809_015151_808.wav,2.96,16000,0.243077,0.9999,0.000211,0.8095,0.1905,28.63,235.7,793.6,1015.5,likely_quiet
asr_final_20260809_015202_360.wav,2.96,16000,0.111656,0.7002,0.0,0.6463,0.3537,21.74,246.2,694.9,828.0,likely_quiet
asr_final_20260809_020344_059.wav,2.96,16000,0.089892,0.9994,6.3e-05,0.5748,0.4252,43.14,-63.4,698.1,835.1,likely_quiet
asr_final_20260809_020350_114.wav,2.96,16000,0.083989,0.9999,2.1e-05,0.3605,0.6395,42.83,-53.4,520.6,643.2,likely_quiet
asr_final_20260809_020702_129.wav,2.96,16000,0.04984,0.5202,0.0,0.4354,0.5646,32.1,-105.0,623.9,717.2,likely_quiet
asr_final_20260809_020801_791.wav,2.96,16000,0.108146,0.9999,6.3e-05,0.4966,0.5034,49.4,-25.3,540.8,701.7,likely_quiet
asr_final_20260809_020843_239.wav,2.96,16000,0.075468,0.9959,0.0,0.2993,0.7007,46.87,-247.7,815.8,1152.4,likely_quiet
asr_final_20260809_021007_780.wav,2.96,16000,0.069309,0.8911,0.0,0.4524,0.5476,47.62,-111.1,922.1,1416.9,likely_quiet
asr_final_20260809_021937_009.wav,2.96,16000,0.156748,1.0,6.3e-05,0.3027,0.6973,48.39,-95.3,529.2,692.9,likely_quiet
asr_final_20260809_022858_191.wav,9.616,16000,0.159731,0.9999,0.000117,0.7021,0.2979,45.0,-57.0,688.7,818.7,likely_quiet
asr_final_20260809_022913_313.wav,2.96,16000,0.119373,0.8466,0.0,0.5986,0.4014,27.83,95.2,947.3,1529.4,likely_quiet
asr_final_20260809_030555_634.wav,2.96,16000,0.115772,1.0,4.2e-05,0.2177,0.7823,57.73,-248.6,618.4,831.1,likely_quiet
asr_final_20260809_030558_679.wav,2.816,16000,0.058414,0.9142,0.0,0.35,0.65,50.76,-102.8,645.0,846.2,likely_quiet
asr_final_20260809_030800_369.wav,2.96,16000,0.06084,0.5109,0.0,0.7347,0.2653,51.0,3.8,682.8,772.6,likely_quiet
asr_final_20260809_030803_155.wav,2.56,16000,0.118442,0.9957,0.0,0.7953,0.2047,34.99,-135.0,596.6,754.3,likely_quiet
asr_final_20260809_031318_757.wav,2.96,16000,0.07476,0.9388,0.0,0.7551,0.2449,51.6,-279.6,932.5,1764.5,likely_quiet
asr_final_20260809_033808_615.wav,2.96,16000,0.113342,0.9998,6.3e-05,0.5,0.5,46.88,-228.3,900.7,1307.8,likely_quiet
asr_final_20260809_033812_678.wav,2.96,16000,0.112855,0.9999,4.2e-05,0.4864,0.5136,49.26,-182.4,859.1,1049.7,likely_quiet
asr_final_20260809_033816_115.wav,2.96,16000,0.187041,1.0,0.00019,0.7109,0.2891,46.69,-151.2,721.3,814.9,likely_quiet
asr_final_20260809_033842_613.wav,2.96,16000,0.078072,0.9325,0.0,0.6633,0.3367,29.09,-5.9,658.9,772.3,likely_quiet
asr_final_20260809_033908_209.wav,2.96,16000,0.089462,0.9951,0.0,0.5884,0.4116,39.76,66.4,846.6,1176.7,likely_quiet
asr_final_20260809_033926_498.wav,2.96,16000,0.141616,1.0,0.000106,0.568,0.432,51.79,-65.0,877.9,1055.1,likely_quiet
asr_final_20260809_033934_906.wav,2.96,16000,0.1058,0.9977,0.0,0.3946,0.6054,47.75,-139.7,981.5,1552.7,likely_quiet
asr_final_20260809_034056_758.wav,2.96,16000,0.039457,0.4357,0.0,0.5748,0.4252,42.79,19.9,641.1,710.1,likely_quiet
asr_final_20260809_035850_921.wav,2.96,16000,0.056033,0.9109,0.0,0.602,0.398,32.17,20.3,790.5,1504.4,likely_quiet
asr_final_20260809_041315_465.wav,2.96,16000,0.049367,0.7433,0.0,0.602,0.398,41.85,-33.7,523.6,759.5,likely_quiet
asr_final_20260809_041345_079.wav,2.96,16000,0.094323,0.998,0.0,0.4898,0.5102,43.88,-154.4,562.7,634.5,likely_quiet
asr_final_20260809_041550_861.wav,2.96,16000,0.225075,0.9999,4.2e-05,0.8265,0.1735,39.37,290.5,640.7,755.4,likely_quiet
asr_final_20260809_041606_922.wav,5.264,16000,0.105686,0.7282,0.0,0.5248,0.4752,24.71,60.8,620.4,704.6,likely_quiet
asr_final_20260809_041647_394.wav,5.52,16000,0.05538,0.675,0.0,0.6164,0.3836,59.21,-98.2,658.0,834.2,likely_quiet
asr_final_20260809_041959_852.wav,5.52,16000,0.070429,0.7764,0.0,0.4127,0.5873,73.32,-305.0,676.1,678.3,likely_quiet
asr_final_20260809_042041_953.wav,2.96,16000,0.060085,0.4618,0.0,0.7109,0.2891,42.58,-87.9,617.4,764.5,likely_quiet
asr_final_20260809_045704_450.wav,5.264,16000,0.140196,0.9999,8.3e-05,0.7271,0.2729,48.73,-186.1,729.3,992.8,likely_quiet
asr_final_20260809_045707_335.wav,2.56,16000,0.123465,0.8344,0.0,0.5709,0.4291,18.15,85.3,580.7,892.2,likely_farfield_or_muffled
asr_final_20260809_045710_191.wav,2.56,16000,0.127864,0.996,0.0,0.5472,0.4528,25.26,-22.0,840.1,1082.0,likely_quiet
asr_final_20260809_045931_459.wav,5.52,16000,0.095001,0.9999,4.5e-05,0.2182,0.7818,78.74,-165.9,402.9,512.7,likely_quiet
asr_final_20260809_053100_358.wav,2.96,16000,0.105665,0.9994,2.1e-05,0.6837,0.3163,51.09,163.8,758.6,862.5,likely_quiet
asr_final_20260809_053439_298.wav,2.96,16000,0.042951,0.564,0.0,0.3946,0.6054,60.34,-306.3,417.9,645.3,likely_quiet
asr_final_20260809_054138_514.wav,5.264,16000,0.093185,0.9977,0.0,0.7328,0.2672,50.36,214.1,617.3,849.4,likely_quiet
asr_final_20260809_054239_324.wav,2.96,16000,0.120784,0.9785,0.0,0.585,0.415,23.47,24.9,653.0,784.8,likely_quiet
asr_final_20260809_060217_626.wav,2.96,16000,0.137606,0.9999,0.000106,0.5442,0.4558,47.18,-141.0,833.2,926.4,likely_quiet
asr_final_20260809_060244_691.wav,2.96,16000,0.128584,0.9993,2.1e-05,0.7653,0.2347,37.21,39.0,921.2,2109.8,likely_quiet
asr_final_20260809_060250_359.wav,2.96,16000,0.098602,0.9688,0.0,0.6054,0.3946,42.35,48.9,662.6,1001.4,likely_quiet
asr_final_20260809_060255_225.wav,2.96,16000,0.076917,0.9962,0.0,0.2891,0.7109,52.95,-133.4,872.5,1102.4,likely_quiet
asr_final_20260809_061157_419.wav,2.96,16000,0.147812,0.9999,8.4e-05,0.3401,0.6599,48.65,320.0,745.3,1001.4,likely_quiet
asr_final_20260809_061200_263.wav,2.56,16000,0.107626,0.9999,7.3e-05,0.3622,0.6378,57.03,-289.2,804.4,1372.7,likely_quiet
asr_final_20260809_061203_799.wav,2.96,16000,0.128679,0.998,0.0,0.551,0.449,48.89,-3.6,680.6,1042.9,likely_quiet
asr_final_20260809_061635_640.wav,2.96,16000,0.114995,0.9999,2.1e-05,0.5748,0.4252,38.51,-20.4,600.8,690.9,likely_quiet
asr_final_20260809_062155_639.wav,2.96,16000,0.111351,0.9999,6.3e-05,0.5102,0.4898,41.67,30.1,669.5,748.0,likely_quiet
asr_final_20260809_065530_840.wav,2.96,16000,0.048604,0.9837,0.0,0.2517,0.7483,39.68,-53.8,744.4,818.2,likely_quiet
asr_final_20260809_070219_234.wav,2.96,16000,0.139899,0.9999,8.4e-05,0.7075,0.2925,36.67,-12.7,1016.9,1409.1,likely_quiet
asr_final_20260809_070237_875.wav,2.96,16000,0.074302,0.9993,2.1e-05,0.585,0.415,39.88,-19.3,723.3,1008.1,likely_quiet
asr_final_20260809_070532_757.wav,2.96,16000,0.100022,0.9985,0.0,0.6701,0.3299,24.89,20.2,795.2,1242.9,likely_quiet
asr_final_20260809_071003_000.wav,5.776,16000,0.211713,1.0,0.000162,0.691,0.309,27.29,39.6,611.3,777.5,likely_quiet
asr_final_20260809_071005_875.wav,2.56,16000,0.084374,0.9958,0.0,0.689,0.311,62.79,-220.4,675.8,703.1,likely_quiet
asr_final_20260809_071105_574.wav,2.96,16000,0.108436,0.7096,0.0,0.7551,0.2449,32.97,211.5,647.2,933.1,likely_quiet
asr_final_20260809_072104_544.wav,2.96,16000,0.084222,0.7331,0.0,0.6803,0.3197,24.73,55.0,913.7,1293.2,likely_quiet
asr_final_20260809_073546_043.wav,3.216,16000,0.057962,0.9993,1.9e-05,0.1531,0.8469,43.62,19.7,748.8,1218.0,likely_quiet
asr_final_20260809_073559_238.wav,2.96,16000,0.114937,1.0,2.1e-05,0.3844,0.6156,41.31,-33.6,877.5,1479.1,likely_quiet
asr_final_20260809_074056_506.wav,2.96,16000,0.078143,1.0,4.2e-05,0.3197,0.6803,46.92,15.4,696.7,749.0,likely_quiet
asr_final_20260809_074204_344.wav,5.52,16000,0.112929,1.0,0.000113,0.5145,0.4855,34.39,-14.5,675.3,964.3,likely_quiet
asr_final_20260809_074211_333.wav,3.984,16000,0.117242,0.9999,3.1e-05,0.5101,0.4899,40.81,-85.5,514.2,667.7,likely_quiet
asr_final_20260809_074319_347.wav,2.96,16000,0.122168,0.9999,2.1e-05,0.5442,0.4558,30.04,-57.3,746.9,917.9,likely_quiet
asr_final_20260809_074324_918.wav,5.376,16000,0.088385,0.9999,1.2e-05,0.6138,0.3862,49.54,-159.9,485.6,592.1,likely_quiet
asr_final_20260809_074358_341.wav,6.032,16000,0.179489,1.0,0.000104,0.4692,0.5308,59.65,-17.0,884.1,1715.0,likely_quiet
asr_final_20260809_074421_205.wav,5.264,16000,0.049056,0.5388,0.0,0.6011,0.3989,34.77,61.2,622.5,699.5,likely_quiet
asr_final_20260809_074439_317.wav,2.96,16000,0.044871,0.4577,0.0,0.7619,0.2381,54.06,267.5,586.7,711.5,likely_quiet
asr_final_20260809_075950_370.wav,2.96,16000,0.046987,0.4639,0.0,0.7653,0.2347,40.17,-66.3,920.3,1176.0,likely_quiet
asr_final_20260809_075953_400.wav,2.816,16000,0.059815,0.57,0.0,0.3607,0.6393,24.54,12.0,828.7,1003.2,likely_quiet
asr_final_20260809_080222_507.wav,3.216,16000,0.039371,0.5615,0.0,0.1781,0.8219,58.31,-72.1,993.0,1144.0,likely_quiet
asr_final_20260809_080359_477.wav,2.96,16000,0.081217,0.8646,0.0,0.5476,0.4524,19.42,-10.1,881.7,1014.5,likely_farfield_or_muffled
asr_final_20260809_080406_933.wav,2.96,16000,0.072938,0.7808,0.0,0.6224,0.3776,26.23,-228.4,825.0,1084.5,likely_quiet
asr_final_20260809_080547_730.wav,3.984,16000,0.127914,0.9995,1.6e-05,0.4646,0.5354,18.38,-36.0,856.9,1078.3,likely_farfield_or_muffled
asr_final_20260809_083337_569.wav,2.96,16000,0.098521,0.9887,0.0,0.6224,0.3776,35.22,-10.1,692.7,972.0,likely_quiet
asr_final_20260809_083340_434.wav,2.56,16000,0.101835,1.0,4.9e-05,0.5748,0.4252,49.83,14.3,694.3,1005.9,likely_quiet
asr_final_20260809_083451_556.wav,2.96,16000,0.04773,0.4389,0.0,0.3912,0.6088,26.06,-11.1,594.6,742.2,likely_quiet
asr_final_20260809_083455_649.wav,2.96,16000,0.164965,0.9999,8.4e-05,0.7653,0.2347,38.91,115.8,711.0,1035.1,likely_quiet
asr_final_20260809_083458_524.wav,2.56,16000,0.07913,0.9199,0.0,0.622,0.378,23.41,24.0,447.1,683.2,likely_quiet
asr_final_20260809_085951_169.wav,2.96,16000,0.143256,0.9999,0.000127,0.5884,0.4116,48.48,-158.1,739.1,801.4,likely_quiet
asr_final_20260809_090258_519.wav,2.96,16000,0.053525,0.7843,0.0,0.1973,0.8027,54.7,-25.3,626.3,842.2,likely_quiet
asr_final_20260809_091141_809.wav,2.96,16000,0.086046,1.0,2.1e-05,0.5578,0.4422,43.14,46.6,580.0,855.4,likely_quiet
asr_final_20260809_091146_742.wav,2.96,16000,0.095355,0.9999,6.3e-05,0.4184,0.5816,52.7,-83.8,485.7,502.0,likely_quiet
asr_final_20260809_091155_317.wav,2.96,16000,0.115501,0.9999,2.1e-05,0.2313,0.7687,58.22,-296.4,389.8,485.5,likely_quiet
asr_final_20260809_091212_276.wav,2.96,16000,0.080772,0.7344,0.0,0.7857,0.2143,41.69,-121.2,677.4,1003.0,likely_quiet
asr_final_20260809_091215_319.wav,2.816,16000,0.06413,0.6123,0.0,0.6036,0.3964,24.59,105.5,595.8,882.1,likely_quiet
asr_final_20260809_091345_969.wav,2.96,16000,0.073308,0.7256,0.0,0.6429,0.3571,24.95,105.8,833.4,1236.1,likely_quiet
asr_final_20260809_091620_354.wav,2.96,16000,0.157867,0.9999,2.1e-05,0.7449,0.2551,22.36,284.8,954.6,1124.7,likely_quiet
asr_final_20260809_091623_240.wav,2.56,16000,0.055535,0.5599,0.0,0.7717,0.2283,63.31,-26.5,881.0,1379.7,likely_quiet
asr_final_20260809_091805_329.wav,4.24,16000,0.129347,0.9992,1.5e-05,0.6398,0.3602,21.09,39.4,652.6,726.9,likely_quiet
asr_final_20260809_092346_587.wav,2.96,16000,0.169568,0.9999,2.1e-05,0.6429,0.3571,21.4,31.2,563.1,694.3,likely_quiet
asr_final_20260809_092403_886.wav,2.96,16000,0.11756,0.9529,0.0,0.7483,0.2517,18.17,52.7,719.4,903.7,likely_farfield_or_muffled
asr_final_20260809_092407_304.wav,2.96,16000,0.05504,0.5807,0.0,0.6224,0.3776,22.54,32.8,708.1,886.5,likely_quiet
asr_final_20260809_093121_406.wav,2.96,16000,0.102629,0.8563,0.0,0.7721,0.2279,19.64,97.3,629.7,789.2,likely_farfield_or_muffled
asr_final_20260809_093128_358.wav,2.96,16000,0.119237,0.9961,0.0,0.7721,0.2279,34.5,102.4,831.2,1157.8,likely_quiet
asr_final_20260809_093734_374.wav,2.96,16000,0.134551,0.9999,6.3e-05,0.3333,0.6667,38.54,-22.9,881.9,1063.5,likely_quiet
asr_final_20260809_094912_200.wav,2.96,16000,0.122126,0.9999,0.000106,0.3605,0.6395,34.96,155.1,691.0,911.8,likely_quiet
asr_final_20260809_101825_237.wav,2.96,16000,0.068623,0.7309,0.0,0.3503,0.6497,36.88,19.4,512.9,732.4,likely_quiet
asr_final_20260809_102236_980.wav,2.96,16000,0.145706,0.9999,0.000148,0.415,0.585,50.03,-265.7,465.2,563.9,likely_quiet
asr_final_20260809_102600_207.wav,2.96,16000,0.061723,0.8033,0.0,0.3401,0.6599,42.28,-83.8,699.9,1166.9,likely_quiet
asr_final_20260809_102603_074.wav,2.56,16000,0.148404,0.9999,2.4e-05,0.6142,0.3858,43.48,-191.3,535.7,715.6,likely_quiet
asr_final_20260809_102617_806.wav,5.264,16000,0.162035,1.0,0.000107,0.626,0.374,29.21,108.4,843.7,1218.5,likely_quiet
asr_final_20260809_102651_635.wav,2.96,16000,0.075768,0.6665,0.0,0.881,0.119,54.53,,768.8,1143.9,likely_quiet
asr_final_20260809_102847_148.wav,2.96,16000,0.132698,0.9821,0.0,0.7109,0.2891,22.3,27.4,596.6,951.7,likely_quiet
asr_final_20260809_102851_464.wav,2.96,16000,0.06507,0.8703,0.0,0.6531,0.3469,39.68,-194.0,668.0,903.7,likely_quiet
asr_final_20260809_103524_437.wav,4.496,16000,0.163963,0.9996,4.2e-05,0.7321,0.2679,49.26,199.5,665.8,926.2,likely_quiet
asr_final_20260809_103527_228.wav,2.56,16000,0.132162,1.0,9.8e-05,0.5906,0.4094,31.19,-24.0,663.4,705.5,likely_quiet
asr_final_20260809_104718_363.wav,2.96,16000,0.072867,0.8514,0.0,0.4456,0.5544,42.22,52.4,717.4,1025.0,likely_quiet
asr_final_20260809_110413_390.wav,4.752,16000,0.195492,1.0,0.000171,0.7801,0.2199,47.85,-15.6,610.1,683.7,likely_quiet
asr_final_20260809_110824_513.wav,2.96,16000,0.101227,0.8736,0.0,0.8707,0.1293,40.1,345.7,662.8,759.5,likely_quiet
asr_final_20260809_111404_733.wav,2.96,16000,0.054024,0.7641,0.0,0.1973,0.8027,53.88,-229.7,1085.3,1606.4,likely_quiet
asr_final_20260809_111440_754.wav,2.96,16000,0.168899,1.0,0.000169,0.5714,0.4286,47.84,-76.4,895.2,1522.3,likely_quiet
asr_final_20260809_112135_736.wav,3.216,16000,0.10452,0.9533,0.0,0.65,0.35,22.47,-51.6,629.6,1063.4,likely_quiet
asr_final_20260809_112208_118.wav,2.96,16000,0.22031,0.9992,6.3e-05,0.6429,0.3571,19.73,89.0,686.4,969.6,likely_farfield_or_muffled
asr_final_20260809_112210_913.wav,2.56,16000,0.077891,0.557,0.0,0.5433,0.4567,18.68,-65.7,740.8,1047.7,likely_farfield_or_muffled
asr_final_20260809_112214_192.wav,2.96,16000,0.19437,1.0,8.4e-05,0.8367,0.1633,79.3,,790.0,1072.3,likely_quiet
asr_final_20260809_112257_153.wav,2.96,16000,0.042378,0.5013,0.0,0.3367,0.6633,63.47,37.2,671.3,951.0,likely_quiet
asr_final_20260809_112358_430.wav,2.96,16000,0.084859,0.9944,0.0,0.3197,0.6803,76.53,31.0,890.5,1130.7,likely_quiet
asr_final_20260809_112640_978.wav,2.96,16000,0.092815,0.9998,2.1e-05,0.2551,0.7449,44.9,-75.8,885.3,931.1,likely_quiet
asr_final_20260809_112648_617.wav,2.96,16000,0.200395,1.0,0.000169,0.6769,0.3231,21.27,111.3,649.8,783.4,likely_quiet
asr_final_20260809_112709_575.wav,5.008,16000,0.069817,0.9515,0.0,0.6593,0.3407,35.9,14.8,822.4,1522.2,likely_quiet
asr_final_20260809_114447_634.wav,2.96,16000,0.064376,0.9981,0.0,0.6973,0.3027,37.48,12.9,928.6,1224.0,likely_quiet
asr_final_20260809_114510_599.wav,2.96,16000,0.073366,0.9848,0.0,0.3707,0.6293,47.28,-99.3,823.8,947.6,likely_quiet
asr_final_20260809_115814_450.wav,2.96,16000,0.257252,1.0,0.000507,0.7959,0.2041,36.89,148.1,531.8,602.0,likely_quiet
asr_final_20260809_115817_404.wav,2.56,16000,0.161832,1.0,7.3e-05,0.5787,0.4213,25.83,-80.5,607.6,776.2,likely_quiet
asr_final_20260809_115903_719.wav,3.216,16000,0.103248,1.0,0.000155,0.4469,0.5531,52.69,-303.1,904.8,1310.6,likely_quiet
asr_final_20260809_120422_424.wav,4.24,16000,0.100144,0.9999,4.4e-05,0.4336,0.5664,38.96,-30.6,576.8,716.5,likely_quiet
asr_final_20260809_120630_392.wav,2.96,16000,0.167917,1.0,0.000106,0.5068,0.4932,49.99,-145.7,720.0,1409.5,likely_quiet
asr_final_20260809_120659_014.wav,2.96,16000,0.053694,0.7478,0.0,0.4184,0.5816,52.6,-223.7,584.5,719.9,likely_quiet
asr_final_20260809_120740_535.wav,2.96,16000,0.104129,0.9999,4.2e-05,0.6667,0.3333,29.73,-60.0,697.3,998.0,likely_quiet
asr_final_20260809_120743_380.wav,2.56,16000,0.130826,0.9927,0.0,0.5945,0.4055,65.24,-509.8,486.9,511.3,likely_quiet
asr_final_20260809_120753_880.wav,2.96,16000,0.054786,0.7903,0.0,0.6463,0.3537,35.16,-70.4,657.2,783.4,likely_quiet
asr_final_20260809_120844_825.wav,2.96,16000,0.03124,0.3754,0.0,0.7823,0.2177,38.84,70.4,769.2,941.9,likely_quiet
asr_final_20260809_120855_955.wav,3.216,16000,0.111302,1.0,5.8e-05,0.4656,0.5344,69.99,21.5,604.9,783.6,likely_quiet
asr_final_20260809_121050_505.wav,2.96,16000,0.071812,0.9519,0.0,0.5986,0.4014,30.88,-65.5,627.5,818.2,likely_quiet
asr_final_20260809_121532_523.wav,2.96,16000,0.054199,0.8239,0.0,0.2245,0.7755,50.44,-139.5,893.1,1237.8,likely_quiet
asr_final_20260809_122456_773.wav,2.96,16000,0.073531,0.9997,4.2e-05,0.3265,0.6735,46.28,-148.3,544.5,622.3,likely_quiet
asr_final_20260809_122502_363.wav,2.96,16000,0.061382,0.9722,0.0,0.2449,0.7551,48.94,-202.2,668.5,800.7,likely_quiet
asr_final_20260809_122518_027.wav,5.008,16000,0.07492,0.8411,0.0,0.6874,0.3126,38.54,-40.0,813.8,1061.3,likely_quiet
asr_final_20260809_122524_426.wav,2.96,16000,0.099141,0.9543,0.0,0.5272,0.4728,32.32,-67.3,423.9,584.8,likely_quiet
asr_final_20260809_123155_403.wav,2.96,16000,0.068788,0.9754,0.0,0.6769,0.3231,39.43,193.0,945.1,1244.6,likely_quiet
asr_final_20260809_123423_811.wav,2.96,16000,0.139836,1.0,0.000148,0.6667,0.3333,18.73,46.1,769.5,1059.5,likely_farfield_or_muffled
asr_final_20260809_123443_252.wav,2.96,16000,0.079687,0.8235,0.0,0.5306,0.4694,50.95,-302.7,884.6,1314.9,likely_quiet
asr_final_20260809_123448_675.wav,4.496,16000,0.078514,0.9745,0.0,0.2969,0.7031,24.62,-13.6,732.5,998.0,likely_quiet
asr_final_20260809_124935_876.wav,2.96,16000,0.061474,0.8779,0.0,0.3401,0.6599,45.25,-35.6,752.4,860.1,likely_quiet
asr_final_20260809_131609_463.wav,2.96,16000,0.148786,1.0,0.000106,0.3401,0.6599,42.98,-140.7,645.1,671.3,likely_quiet
asr_final_20260809_131614_357.wav,2.96,16000,0.135503,0.9999,0.000106,0.4626,0.5374,40.3,89.0,613.4,838.5,likely_quiet
asr_final_20260809_131626_432.wav,3.216,16000,0.156823,1.0,0.000117,0.4313,0.5687,57.78,18.0,755.8,1204.0,likely_quiet
asr_final_20260809_131651_400.wav,2.96,16000,0.076087,0.7279,0.0,0.483,0.517,44.95,118.4,755.1,1027.4,likely_quiet
asr_final_20260809_131825_333.wav,2.96,16000,0.226839,0.9999,6.3e-05,0.6667,0.3333,24.44,96.5,376.2,384.5,likely_quiet
asr_final_20260809_131928_679.wav,2.96,16000,0.118602,0.9614,0.0,0.7925,0.2075,35.61,49.1,422.0,583.8,likely_quiet
asr_final_20260809_131935_569.wav,2.96,16000,0.105024,0.823,0.0,0.6361,0.3639,18.93,-16.6,460.1,705.4,likely_farfield_or_muffled
asr_final_20260809_131943_004.wav,2.96,16000,0.077063,0.5048,0.0,0.881,0.119,55.55,,443.4,531.1,likely_quiet
asr_final_20260809_131946_365.wav,2.96,16000,0.057727,0.5131,0.0,0.7483,0.2517,24.83,-138.1,288.8,345.9,likely_quiet
asr_final_20260809_132048_517.wav,2.96,16000,0.097362,0.6584,0.0,0.8878,0.1122,61.09,,545.3,815.5,likely_quiet
asr_final_20260809_132051_323.wav,2.56,16000,0.078582,0.5088,0.0,0.6417,0.3583,20.68,136.2,612.9,911.3,likely_quiet
asr_final_20260809_132058_748.wav,2.96,16000,0.114812,0.8033,0.0,0.6803,0.3197,70.45,-415.7,527.3,719.6,likely_quiet
asr_final_20260809_132101_560.wav,2.56,16000,0.121203,0.7061,0.0,0.7953,0.2047,71.34,-481.0,781.4,977.3,likely_quiet
asr_final_20260809_132106_988.wav,5.12,16000,0.106895,0.7974,0.0,0.7745,0.2255,72.21,-565.6,632.4,907.0,likely_quiet
asr_final_20260809_132126_851.wav,2.96,16000,0.129104,0.7211,0.0,0.8231,0.1769,71.06,-265.5,679.8,1036.5,likely_quiet
asr_final_20260809_132131_504.wav,4.352,16000,0.142865,0.7615,0.0,0.7875,0.2125,56.13,-238.9,637.0,898.9,likely_quiet
asr_final_20260809_132134_338.wav,2.56,16000,0.112931,0.7712,0.0,0.5984,0.4016,67.14,-473.1,950.7,1175.8,likely_quiet
asr_final_20260809_132201_974.wav,2.96,16000,0.157189,0.8263,0.0,0.8776,0.1224,57.26,728.9,847.9,996.3,likely_quiet
asr_final_20260809_132216_293.wav,4.752,16000,0.091577,0.7085,0.0,0.778,0.222,48.61,-32.6,598.3,902.1,likely_quiet
asr_final_20260809_134250_768.wav,2.96,16000,0.249709,1.0,0.000148,0.6701,0.3299,10.55,32.6,577.9,963.9,likely_farfield_or_muffled
asr_final_20260809_134253_564.wav,2.56,16000,0.239949,1.0,0.000146,0.5669,0.4331,12.68,77.6,374.4,563.3,likely_farfield_or_muffled
asr_final_20260809_134302_995.wav,3.984,16000,0.089747,0.9985,0.0,0.4621,0.5379,38.9,79.8,869.9,1474.6,likely_quiet
asr_final_20260809_134327_875.wav,6.032,16000,0.173517,1.0,0.000124,0.624,0.376,25.93,167.6,807.9,1059.2,likely_quiet
asr_final_20260809_134331_892.wav,3.84,16000,0.162678,1.0,4.9e-05,0.801,0.199,44.29,-289.9,722.1,818.2,likely_quiet
asr_final_20260809_134335_795.wav,3.584,16000,0.162919,1.0,8.7e-05,0.7781,0.2219,33.03,159.1,708.6,864.4,likely_quiet
asr_final_20260809_134338_597.wav,2.56,16000,0.105209,0.9999,2.4e-05,0.8268,0.1732,70.61,-351.3,739.1,1054.7,likely_quiet
asr_final_20260809_134412_376.wav,2.96,16000,0.056814,0.4008,0.0,0.5238,0.4762,21.44,31.2,668.9,829.1,likely_quiet
asr_final_20260809_135105_733.wav,2.96,16000,0.08203,0.6617,0.0,0.5102,0.4898,19.35,81.5,806.5,1117.9,likely_farfield_or_muffled
asr_final_20260809_135128_522.wav,2.816,16000,0.056567,0.6137,0.0,0.8214,0.1786,54.26,-61.5,827.2,1119.3,likely_quiet
asr_final_20260809_135206_762.wav,2.96,16000,0.059929,0.5192,0.0,0.8776,0.1224,45.32,184.9,426.6,670.9,likely_quiet
asr_final_20260809_135257_103.wav,2.96,16000,0.10466,0.9989,0.0,0.4966,0.5034,15.55,38.1,952.2,1106.1,likely_moderate
asr_final_20260809_135325_636.wav,2.96,16000,0.090745,0.9958,0.0,0.6224,0.3776,27.91,44.5,706.7,883.4,likely_quiet
asr_final_20260809_135854_515.wav,2.96,16000,0.190429,0.9999,0.000148,0.5714,0.4286,57.9,165.0,761.3,1074.3,likely_quiet
asr_final_20260809_135857_388.wav,2.56,16000,0.169418,0.9999,9.8e-05,0.6378,0.3622,59.85,-201.9,766.4,864.8,likely_quiet
asr_final_20260809_135944_757.wav,2.96,16000,0.06881,0.7058,0.0,0.7653,0.2347,27.68,-79.2,809.6,1069.9,likely_quiet
asr_final_20260809_140115_480.wav,5.52,16000,0.148655,0.9726,0.0,0.3582,0.6418,62.98,-12.1,527.8,640.2,likely_quiet
asr_final_20260809_140604_302.wav,3.216,16000,0.097413,0.7896,0.0,0.5094,0.4906,32.65,-104.8,800.8,1053.8,likely_quiet
asr_final_20260809_140640_932.wav,2.96,16000,0.038785,0.5372,0.0,0.7381,0.2619,63.73,56.7,1017.0,1322.3,likely_quiet
asr_final_20260809_141308_040.wav,2.96,16000,0.136288,0.9996,2.1e-05,0.5748,0.4252,29.38,-86.4,799.5,1120.3,likely_quiet
asr_final_20260809_141310_842.wav,2.56,16000,0.144069,1.0,9.8e-05,0.3661,0.6339,15.96,10.0,947.9,1109.0,likely_moderate
asr_final_20260809_141313_637.wav,2.56,16000,0.124304,0.9999,2.4e-05,0.7441,0.2559,21.93,-0.8,898.0,1071.5,likely_quiet
asr_final_20260809_141333_802.wav,2.96,16000,0.054604,0.6139,0.0,0.8503,0.1497,52.94,-518.4,727.7,912.2,likely_quiet
asr_final_20260809_141552_364.wav,2.96,16000,0.059322,0.6906,0.0,0.7313,0.2687,45.97,256.5,1026.1,1098.3,likely_quiet
asr_final_20260809_141828_210.wav,2.96,16000,0.049583,0.6021,0.0,0.6871,0.3129,30.48,107.3,802.3,947.0,likely_quiet
asr_final_20260809_141831_809.wav,2.96,16000,0.054051,0.3688,0.0,0.8639,0.1361,90.76,,699.5,845.9,likely_quiet
asr_final_20260809_141941_645.wav,2.96,16000,0.049767,0.5932,0.0,0.8367,0.1633,51.86,120.6,760.8,932.8,likely_quiet
asr_final_20260809_142322_430.wav,2.96,16000,0.053549,0.6678,0.0,0.6531,0.3469,16.32,56.5,543.1,929.1,likely_farfield_or_muffled
asr_final_20260809_142540_912.wav,2.96,16000,0.094149,0.9966,0.0,0.8571,0.1429,72.14,,927.8,1103.0,likely_quiet
asr_final_20260809_142706_673.wav,2.96,16000,0.091591,0.5902,0.0,0.8605,0.1395,42.38,212.3,683.2,812.5,likely_quiet
asr_final_20260809_142709_479.wav,2.56,16000,0.069975,0.9424,0.0,0.7953,0.2047,46.91,-23.0,945.4,1482.4,likely_quiet
asr_final_20260809_142714_832.wav,2.96,16000,0.07188,0.6622,0.0,0.8571,0.1429,65.79,,891.2,1112.2,likely_quiet
asr_final_20260809_142738_425.wav,2.96,16000,0.054635,0.573,0.0,0.7891,0.2109,54.87,277.1,849.3,1048.3,likely_quiet
asr_final_20260809_142751_650.wav,2.96,16000,0.083034,0.7739,0.0,0.8435,0.1565,53.74,97.9,849.5,1042.9,likely_quiet
asr_final_20260809_142820_112.wav,2.96,16000,0.064169,0.4731,0.0,0.8129,0.1871,46.8,110.1,701.9,821.3,likely_quiet
asr_final_20260809_142834_378.wav,2.96,16000,0.066375,0.8203,0.0,0.619,0.381,27.34,-120.8,574.5,803.4,likely_quiet
asr_final_20260809_143024_817.wav,2.96,16000,0.049667,0.6337,0.0,0.6803,0.3197,23.19,41.2,712.5,848.0,likely_quiet
asr_final_20260809_143158_525.wav,3.216,16000,0.061034,0.6588,0.0,0.6469,0.3531,43.34,-341.2,542.3,803.5,likely_quiet
asr_final_20260809_143203_870.wav,2.96,16000,0.039059,0.5345,0.0,0.6088,0.3912,26.98,85.9,473.3,656.8,likely_quiet
asr_final_20260809_143452_759.wav,2.96,16000,0.08388,0.7657,0.0,0.8537,0.1463,68.16,,913.1,1107.8,likely_quiet
asr_final_20260809_143501_318.wav,2.96,16000,0.05539,0.5411,0.0,0.5918,0.4082,21.2,48.1,781.5,944.6,likely_quiet
asr_final_20260809_143618_584.wav,2.96,16000,0.064313,0.4788,0.0,0.8912,0.1088,96.68,,708.1,826.0,likely_quiet
asr_final_20260809_143845_479.wav,2.96,16000,0.074737,0.5329,0.0,0.8605,0.1395,46.61,-335.7,696.1,818.9,likely_quiet
asr_final_20260809_143848_527.wav,2.816,16000,0.059676,0.8153,0.0,0.7786,0.2214,53.18,132.7,959.7,1366.1,likely_quiet
asr_final_20260809_144025_319.wav,2.96,16000,0.07057,0.7263,0.0,0.4626,0.5374,18.53,7.6,574.3,645.9,likely_farfield_or_muffled
asr_final_20260809_144137_319.wav,2.96,16000,0.0571,0.6895,0.0,0.8537,0.1463,67.83,643.7,974.2,1109.1,likely_quiet
asr_final_20260809_144229_159.wav,2.96,16000,0.062145,0.9683,0.0,0.6565,0.3435,46.3,-38.5,789.6,1051.4,likely_quiet
asr_final_20260809_144354_197.wav,2.96,16000,0.054498,0.5515,0.0,0.6054,0.3946,18.59,81.3,877.1,1579.4,likely_farfield_or_muffled
asr_final_20260809_144449_793.wav,4.24,16000,0.053371,0.5962,0.0,0.6659,0.3341,27.55,-7.9,806.0,950.2,likely_quiet
asr_final_20260809_144530_268.wav,2.96,16000,0.067863,0.5822,0.0,0.6599,0.3401,28.11,300.5,713.5,819.6,likely_quiet
asr_final_20260809_144708_282.wav,2.96,16000,0.08056,0.7005,0.0,0.8129,0.1871,54.25,66.1,943.5,1109.5,likely_quiet
asr_final_20260809_144720_587.wav,2.96,16000,0.069209,0.5129,0.0,0.8571,0.1429,44.71,-10.5,645.6,811.8,likely_quiet
asr_final_20260809_144723_384.wav,2.56,16000,0.054941,0.7,0.0,0.815,0.185,68.33,38.1,876.0,1282.4,likely_quiet
asr_final_20260809_144749_232.wav,2.96,16000,0.069005,0.6701,0.0,0.6871,0.3129,24.93,90.9,827.8,1106.8,likely_quiet
asr_final_20260809_144752_293.wav,2.816,16000,0.062152,0.7036,0.0,0.7357,0.2643,44.11,-87.4,803.6,948.9,likely_quiet
asr_final_20260809_144757_145.wav,2.96,16000,0.074579,0.6187,0.0,0.8367,0.1633,72.44,,725.4,818.6,likely_quiet
asr_final_20260809_144800_207.wav,2.816,16000,0.055554,0.6692,0.0,0.5857,0.4143,25.54,35.9,912.8,1417.3,likely_quiet
asr_final_20260809_144910_913.wav,2.96,16000,0.071622,0.5995,0.0,0.7415,0.2585,28.44,215.0,655.4,813.2,likely_quiet
asr_final_20260809_144942_598.wav,2.96,16000,0.056632,0.5843,0.0,0.5986,0.4014,24.11,78.1,775.1,1042.6,likely_quiet
asr_final_20260809_144947_545.wav,2.96,16000,0.073802,0.792,0.0,0.5816,0.4184,17.22,49.8,632.6,808.4,likely_farfield_or_muffled
asr_final_20260809_145020_769.wav,2.96,16000,0.067534,0.7508,0.0,0.6803,0.3197,27.94,-58.9,715.6,809.5,likely_quiet
asr_final_20260809_145134_286.wav,2.96,16000,0.053284,0.6118,0.0,0.7891,0.2109,62.31,469.5,738.7,856.1,likely_quiet
asr_final_20260809_145137_798.wav,2.96,16000,0.071185,0.5446,0.0,0.8605,0.1395,73.22,,725.4,818.9,likely_quiet
asr_final_20260809_145202_369.wav,2.96,16000,0.07267,0.7299,0.0,0.6463,0.3537,34.37,-65.8,917.9,1108.8,likely_quiet
asr_final_20260809_145247_649.wav,2.96,16000,0.05777,0.5803,0.0,0.6156,0.3844,26.51,97.0,790.5,935.1,likely_quiet
asr_final_20260809_145437_959.wav,2.96,16000,0.04872,0.6317,0.0,0.7279,0.2721,58.28,-128.5,760.0,864.5,likely_quiet
asr_final_20260809_145619_965.wav,2.96,16000,0.076461,0.6987,0.0,0.5748,0.4252,24.93,49.2,957.5,1108.8,likely_quiet
asr_final_20260809_145631_876.wav,2.96,16000,0.064171,0.5047,0.0,0.8163,0.1837,47.62,142.2,706.1,830.7,likely_quiet
asr_final_20260809_145913_543.wav,2.96,16000,0.061204,0.8279,0.0,0.6224,0.3776,24.53,123.2,744.2,1043.6,likely_quiet
asr_final_20260809_150048_515.wav,2.96,16000,0.07139,0.5959,0.0,0.6054,0.3946,13.62,-9.1,696.6,992.6,likely_farfield_or_muffled
asr_final_20260809_150235_959.wav,2.96,16000,0.053154,0.5387,0.0,0.7789,0.2211,32.37,153.0,800.7,942.6,likely_quiet
asr_final_20260809_150356_120.wav,2.56,16000,0.067543,0.7663,0.0,0.7008,0.2992,20.27,81.1,778.9,1266.4,likely_quiet
asr_final_20260809_150426_353.wav,2.96,16000,0.048365,0.6404,0.0,0.5748,0.4252,23.67,12.2,743.5,854.4,likely_quiet
asr_final_20260809_150501_956.wav,2.96,16000,0.060366,0.6826,0.0,0.6565,0.3435,34.27,114.7,817.3,1059.8,likely_quiet
asr_final_20260809_150533_089.wav,2.96,16000,0.062169,0.6151,0.0,0.5748,0.4252,21.93,79.4,671.0,1049.3,likely_quiet
asr_final_20260809_150539_074.wav,3.216,16000,0.068701,0.7013,0.0,0.8281,0.1719,53.46,-429.4,767.0,943.7,likely_quiet
asr_final_20260809_150620_525.wav,2.96,16000,0.06352,0.4863,0.0,0.8776,0.1224,59.96,321.0,691.7,814.2,likely_quiet
asr_final_20260809_150843_807.wav,2.96,16000,0.048809,0.4579,0.0,0.534,0.466,23.44,-25.6,729.7,842.2,likely_quiet
asr_final_20260809_150924_520.wav,2.96,16000,0.062726,0.4228,0.0,0.8844,0.1156,67.67,590.8,699.0,816.9,likely_quiet
asr_final_20260809_151001_477.wav,2.96,16000,0.064293,0.4411,0.0,0.8333,0.1667,65.11,300.0,702.0,817.2,likely_quiet
asr_final_20260809_151046_448.wav,2.96,16000,0.071941,0.8013,0.0,0.8095,0.1905,61.49,422.9,803.2,965.9,likely_quiet
asr_final_20260809_151422_047.wav,2.96,16000,0.065388,0.9386,0.0,0.7007,0.2993,54.07,-301.4,934.5,1307.4,likely_quiet
asr_final_20260809_151450_992.wav,2.96,16000,0.058523,0.74,0.0,0.6565,0.3435,32.15,-170.0,835.3,1213.5,likely_quiet
asr_final_20260809_151455_874.wav,2.96,16000,0.071344,0.619,0.0,0.8537,0.1463,62.74,,709.7,816.6,likely_quiet
asr_final_20260809_151504_291.wav,2.96,16000,0.072926,0.6156,0.0,0.8197,0.1803,66.48,-355.3,814.6,1013.5,likely_quiet
asr_final_20260809_151759_944.wav,2.56,16000,0.068035,0.477,0.0,0.5157,0.4843,19.88,48.2,679.4,812.9,likely_farfield_or_muffled
asr_final_20260809_152051_636.wav,2.96,16000,0.056321,0.7464,0.0,0.8401,0.1599,38.63,84.2,845.9,1065.2,likely_quiet
asr_final_20260809_152140_580.wav,2.96,16000,0.063994,0.5188,0.0,0.8605,0.1395,69.63,698.4,693.9,824.3,likely_quiet
asr_final_20260809_152249_412.wav,2.96,16000,0.062856,0.8206,0.0,0.7143,0.2857,37.43,-39.5,829.8,1111.8,likely_quiet
asr_final_20260809_152254_264.wav,2.96,16000,0.066006,0.4536,0.0,0.8571,0.1429,67.28,399.9,678.1,816.9,likely_quiet
asr_final_20260809_152357_319.wav,2.96,16000,0.059769,0.586,0.0,0.7687,0.2313,46.26,137.2,703.4,1090.9,likely_quiet
asr_final_20260809_152444_529.wav,2.96,16000,0.064264,0.468,0.0,0.8741,0.1259,96.24,,708.0,826.0,likely_quiet
asr_final_20260809_152634_915.wav,2.816,16000,0.063591,0.4369,0.0,0.6429,0.3571,22.67,178.7,647.2,813.2,likely_quiet
asr_final_20260809_152708_205.wav,2.96,16000,0.053616,0.5782,0.0,0.6463,0.3537,27.14,43.3,790.3,943.2,likely_quiet
asr_final_20260809_152711_808.wav,2.96,16000,0.063078,0.4945,0.0,0.8435,0.1565,74.89,,726.9,845.6,likely_quiet
asr_final_20260809_152939_302.wav,2.96,16000,0.094313,0.719,0.0,0.8231,0.1769,42.05,146.5,693.0,831.4,likely_quiet
asr_final_20260809_152942_127.wav,2.56,16000,0.083619,0.9895,0.0,0.7953,0.2047,47.48,191.8,792.2,1057.4,likely_quiet
asr_final_20260809_152952_104.wav,2.96,16000,0.096047,0.99,0.0,0.7517,0.2483,41.37,-129.1,857.8,1069.6,likely_quiet
asr_final_20260809_153024_279.wav,2.816,16000,0.107166,0.8764,0.0,0.6857,0.3143,23.51,81.7,863.1,1024.5,likely_quiet
asr_final_20260809_153052_750.wav,2.96,16000,0.076761,0.5779,0.0,0.8605,0.1395,55.16,386.9,683.4,818.9,likely_quiet
asr_final_20260809_153202_662.wav,2.96,16000,0.048104,0.6071,0.0,0.7211,0.2789,60.64,-181.8,751.0,861.1,likely_quiet
asr_final_20260809_153206_117.wav,2.96,16000,0.059607,0.394,0.0,0.8571,0.1429,76.61,,688.2,815.9,likely_quiet
asr_final_20260809_153231_080.wav,2.96,16000,0.09254,0.7555,0.0,0.6463,0.3537,19.39,45.9,859.8,1113.5,likely_farfield_or_muffled
asr_final_20260809_153243_080.wav,2.96,16000,0.063714,0.4921,0.0,0.8571,0.1429,57.53,427.9,707.1,826.0,likely_quiet
asr_final_20260809_153251_238.wav,2.96,16000,0.061101,0.5291,0.0,0.8095,0.1905,64.86,-507.3,889.6,1150.0,likely_quiet
asr_final_20260809_153510_032.wav,2.56,16000,0.078718,0.5489,0.0,0.5197,0.4803,20.9,47.6,670.3,812.5,likely_quiet
asr_final_20260809_153543_236.wav,2.96,16000,0.048985,0.5193,0.0,0.7007,0.2993,43.57,123.6,768.6,907.4,likely_quiet
asr_final_20260809_153619_939.wav,4.24,16000,0.055827,0.7902,0.0,0.7299,0.2701,54.82,-514.1,800.5,984.4,likely_quiet
asr_final_20260809_153636_593.wav,2.96,16000,0.078799,0.6978,0.0,0.8061,0.1939,67.96,-470.2,828.0,1061.5,likely_quiet
asr_final_20260809_153656_681.wav,2.96,16000,0.048472,0.4965,0.0,0.6837,0.3163,26.21,123.2,748.6,911.1,likely_quiet
asr_final_20260809_153737_222.wav,2.96,16000,0.067791,0.4514,0.0,0.8946,0.1054,89.96,,627.1,813.5,likely_quiet
asr_final_20260809_153810_261.wav,4.24,16000,0.063728,0.6872,0.0,0.628,0.372,31.06,19.5,805.7,950.5,likely_quiet
asr_final_20260809_153813_725.wav,2.96,16000,0.075271,0.5449,0.0,0.8469,0.1531,59.48,,703.5,822.0,likely_quiet
asr_final_20260809_153816_835.wav,2.816,16000,0.047139,0.6558,0.0,0.6536,0.3464,61.32,-83.7,780.7,1080.6,likely_quiet
asr_final_20260809_153822_270.wav,2.96,16000,0.077713,0.5971,0.0,0.8163,0.1837,43.04,-58.6,836.8,1009.5,likely_quiet
asr_final_20260809_153916_758.wav,2.96,16000,0.065895,0.7821,0.0,0.585,0.415,27.22,-6.4,719.7,1093.2,likely_quiet
asr_final_20260809_153919_805.wav,2.816,16000,0.060969,0.644,0.0,0.4821,0.5179,21.01,39.3,648.5,833.1,likely_quiet
asr_final_20260809_153935_647.wav,2.96,16000,0.06745,0.5589,0.0,0.8061,0.1939,52.42,51.8,847.5,1014.9,likely_quiet
asr_final_20260809_153952_103.wav,2.96,16000,0.090765,0.6882,0.0,0.7007,0.2993,28.8,198.5,967.0,1109.8,likely_quiet
asr_final_20260809_154307_877.wav,2.96,16000,0.067702,0.494,0.0,0.8469,0.1531,78.61,,700.6,827.0,likely_quiet
asr_final_20260809_154344_819.wav,2.96,16000,0.059609,0.4546,0.0,0.8605,0.1395,61.27,436.7,712.3,819.3,likely_quiet
asr_final_20260809_154458_271.wav,2.96,16000,0.069457,0.4934,0.0,0.8571,0.1429,78.88,,698.6,818.6,likely_quiet
asr_final_20260809_154531_491.wav,2.96,16000,0.045308,0.4825,0.0,0.6973,0.3027,47.29,-50.2,767.1,860.5,likely_quiet
asr_final_20260809_154645_005.wav,2.96,16000,0.04766,0.5281,0.0,0.8469,0.1531,44.53,-24.2,803.0,941.9,likely_quiet
asr_final_20260809_154648_514.wav,2.96,16000,0.070312,0.5584,0.0,0.8673,0.1327,76.18,,699.7,815.9,likely_quiet
asr_final_20260809_154834_118.wav,2.96,16000,0.062632,0.7379,0.0,0.8605,0.1395,60.88,121.6,852.6,1050.7,likely_quiet
asr_final_20260809_154839_156.wav,2.96,16000,0.073584,0.5278,0.0,0.8912,0.1088,76.61,,706.2,815.9,likely_quiet
asr_final_20260809_154842_029.wav,2.56,16000,0.065539,0.8553,0.0,0.6614,0.3386,13.63,36.8,547.9,855.9,likely_farfield_or_muffled
asr_final_20260809_154912_193.wav,2.96,16000,0.044902,0.5691,0.0,0.7483,0.2517,61.68,21.1,773.5,939.5,likely_quiet
asr_final_20260809_154924_271.wav,2.96,16000,0.077869,0.6048,0.0,0.7449,0.2551,31.14,269.4,889.3,1106.4,likely_quiet
asr_final_20260809_155256_741.wav,2.96,16000,0.066931,0.4986,0.0,0.8571,0.1429,64.23,416.7,702.6,822.6,likely_quiet
asr_final_20260809_155526_917.wav,2.96,16000,0.048982,0.7594,0.0,0.7653,0.2347,52.11,-210.5,866.2,1093.2,likely_quiet
asr_final_20260809_155532_342.wav,2.96,16000,0.071452,0.6138,0.0,0.8571,0.1429,56.64,254.0,825.0,962.2,likely_quiet
asr_final_20260809_155751_143.wav,2.96,16000,0.070578,0.4749,0.0,0.8741,0.1259,87.82,,673.3,813.9,likely_quiet
asr_final_20260809_155900_912.wav,2.96,16000,0.039447,0.535,0.0,0.6531,0.3469,52.45,-50.3,739.1,899.7,likely_quiet
asr_final_20260809_160148_365.wav,2.96,16000,0.046248,0.3198,0.0,0.6905,0.3095,13.66,83.5,464.6,852.7,likely_farfield_or_muffled
asr_final_20260809_160512_112.wav,2.96,16000,0.069505,0.5336,0.0,0.8537,0.1463,96.5,,714.1,823.3,likely_quiet
asr_final_20260809_160549_246.wav,2.816,16000,0.065205,0.4839,0.0,0.6214,0.3786,24.22,166.7,691.8,815.3,likely_quiet
asr_final_20260809_160853_150.wav,5.264,16000,0.069623,0.4372,0.0,0.7309,0.2691,26.69,-16.7,730.8,825.2,likely_quiet
asr_final_20260809_160930_262.wav,2.96,16000,0.086748,0.6345,0.0,0.8503,0.1497,99.51,,714.8,821.6,likely_quiet
asr_final_20260809_161007_093.wav,2.96,16000,0.080271,0.5638,0.0,0.8776,0.1224,68.35,410.7,702.2,815.2,likely_quiet
asr_final_20260809_161157_472.wav,2.96,16000,0.059223,0.4338,0.0,0.8776,0.1224,53.11,279.7,692.9,815.9,likely_quiet
asr_final_20260809_161229_231.wav,2.96,16000,0.054702,0.6009,0.0,0.8061,0.1939,59.79,-462.3,838.2,1061.5,likely_quiet
asr_final_20260809_161347_711.wav,2.96,16000,0.076497,0.5971,0.0,0.6837,0.3163,24.0,152.4,680.7,814.9,likely_quiet
asr_final_20260809_161420_762.wav,2.96,16000,0.051844,0.5802,0.0,0.7313,0.2687,43.15,-422.3,758.6,882.8,likely_quiet
asr_final_20260809_161424_291.wav,2.96,16000,0.071394,0.5507,0.0,0.8469,0.1531,97.84,,727.5,838.9,likely_quiet
asr_final_20260809_161501_232.wav,2.96,16000,0.070666,0.5123,0.0,0.881,0.119,87.89,,709.4,817.2,likely_quiet
asr_final_20260809_161635_221.wav,3.216,16000,0.040624,0.2603,0.0,0.8031,0.1969,47.51,60.8,845.1,714.6,likely_quiet
asr_final_20260809_161842_189.wav,2.96,16000,0.088283,0.6126,0.0,0.6054,0.3946,22.7,140.8,674.7,814.2,likely_quiet
asr_final_20260809_161844_991.wav,2.56,16000,0.066387,0.9011,0.0,0.815,0.185,59.7,-622.0,869.0,1307.4,likely_quiet
asr_final_20260809_161915_163.wav,2.96,16000,0.058886,0.6488,0.0,0.6224,0.3776,25.8,52.7,783.2,920.3,likely_quiet
asr_final_20260809_161918_685.wav,2.96,16000,0.076811,0.5699,0.0,0.8605,0.1395,68.32,376.4,694.1,815.5,likely_quiet
asr_final_20260809_162003_795.wav,2.96,16000,0.069701,0.5765,0.0,0.8197,0.1803,65.03,-272.3,847.6,1071.3,likely_quiet
asr_final_20260809_162032_259.wav,2.96,16000,0.068591,0.4878,0.0,0.8435,0.1565,65.01,,741.0,827.0,likely_quiet
asr_final_20260809_162035_231.wav,2.816,16000,0.054507,0.7717,0.0,0.7536,0.2464,68.88,-526.9,883.4,1358.7,likely_quiet
asr_final_20260809_162105_483.wav,2.96,16000,0.057746,0.5173,0.0,0.8571,0.1429,56.92,-625.7,788.9,918.9,likely_quiet
asr_final_20260809_162110_592.wav,2.96,16000,0.072599,0.9844,0.0,0.7721,0.2279,40.22,-116.5,769.3,1061.5,likely_quiet
asr_final_20260809_162154_126.wav,2.96,16000,0.074218,0.5789,0.0,0.8503,0.1497,62.1,307.5,857.9,1057.1,likely_quiet
asr_final_20260809_162259_466.wav,2.96,16000,0.06718,0.5082,0.0,0.8163,0.1837,40.1,39.5,660.0,812.5,likely_quiet
asr_final_20260809_162336_031.wav,2.96,16000,0.068135,0.4595,0.0,0.8231,0.1769,50.68,334.5,718.5,832.1,likely_quiet
asr_final_20260809_162339_070.wav,2.816,16000,0.041214,0.7034,0.0,0.7107,0.2893,59.1,-83.1,760.0,1042.6,likely_quiet
asr_final_20260809_162526_421.wav,2.96,16000,0.063907,0.5177,0.0,0.8435,0.1565,66.29,422.6,729.9,829.7,likely_quiet
asr_final_20260809_162713_072.wav,4.24,16000,0.056728,0.6259,0.0,0.6327,0.3673,28.44,36.8,799.3,957.1,likely_quiet
asr_final_20260809_162716_673.wav,2.96,16000,0.063342,0.4434,0.0,0.8571,0.1429,69.11,374.8,708.6,822.0,likely_quiet
asr_final_20260809_162958_488.wav,2.96,16000,0.053656,0.6357,0.0,0.8571,0.1429,70.4,-432.7,802.6,1047.0,likely_quiet
asr_final_20260809_163129_315.wav,2.96,16000,0.064867,0.6481,0.0,0.7857,0.2143,65.83,-525.8,831.7,1035.1,likely_quiet
asr_final_20260809_163207_710.wav,2.96,16000,0.054378,0.5464,0.0,0.7517,0.2483,62.63,-531.4,758.3,859.5,likely_quiet
asr_final_20260809_163211_322.wav,2.96,16000,0.072946,0.5268,0.0,0.881,0.119,77.44,,686.6,815.5,likely_quiet
asr_final_20260809_163324_830.wav,2.96,16000,0.076014,0.5529,0.0,0.7483,0.2517,34.1,211.3,709.0,818.2,likely_quiet
asr_final_20260809_163446_675.wav,2.96,16000,0.076278,0.6361,0.0,0.8299,0.1701,60.69,-548.6,860.7,1105.1,likely_quiet
asr_final_20260809_163515_172.wav,2.96,16000,0.076224,0.5465,0.0,0.8503,0.1497,50.09,434.8,694.6,815.9,likely_quiet
asr_final_20260809_163600_188.wav,2.96,16000,0.075673,0.5795,0.0,0.8401,0.1599,66.96,71.9,900.9,1231.1,likely_quiet
asr_final_20260809_163818_977.wav,2.96,16000,0.065485,0.4778,0.0,0.8469,0.1531,64.56,495.8,680.3,870.9,likely_quiet
asr_final_20260809_163904_017.wav,2.96,16000,0.068716,0.546,0.0,0.7959,0.2041,66.15,-205.7,879.9,1091.2,likely_quiet
asr_final_20260809_164154_748.wav,2.96,16000,0.069408,0.7903,0.0,0.7517,0.2483,64.84,-22.4,838.8,1046.6,likely_quiet
asr_final_20260809_164159_789.wav,2.96,16000,0.085919,0.6762,0.0,0.8878,0.1122,63.05,,694.3,814.2,likely_quiet
asr_final_20260809_164202_737.wav,2.56,16000,0.066212,0.9546,0.0,0.7559,0.2441,67.26,248.6,813.6,1252.3,likely_quiet
asr_final_20260809_164423_404.wav,2.96,16000,0.052068,0.5507,0.0,0.8095,0.1905,44.39,-159.1,846.8,988.2,likely_quiet
asr_final_20260809_164433_162.wav,2.96,16000,0.056486,0.4535,0.0,0.6429,0.3571,20.16,43.4,975.8,1378.0,likely_quiet
asr_final_20260809_164613_865.wav,2.96,16000,0.051306,0.4842,0.0,0.7959,0.2041,61.04,-65.4,748.7,852.0,likely_quiet
asr_final_20260809_164617_312.wav,2.96,16000,0.072017,0.4938,0.0,0.8673,0.1327,97.77,,722.5,823.6,likely_quiet
asr_final_20260809_164731_072.wav,2.96,16000,0.073032,0.5204,0.0,0.8537,0.1463,75.66,,697.3,817.2,likely_quiet
asr_final_20260809_164808_024.wav,2.96,16000,0.077923,0.5702,0.0,0.8878,0.1122,97.3,,679.1,817.2,likely_quiet
asr_final_20260809_164810_837.wav,2.56,16000,0.059816,0.9203,0.0,0.7835,0.2165,66.53,-473.0,841.3,1100.8,likely_quiet
asr_final_20260809_164853_074.wav,2.96,16000,0.072748,0.516,0.0,0.8197,0.1803,51.88,-272.9,837.2,1058.1,likely_quiet
asr_final_20260809_164921_458.wav,2.96,16000,0.067589,0.4801,0.0,0.8537,0.1463,67.05,571.2,700.6,822.3,likely_quiet
asr_final_20260809_165034_977.wav,2.96,16000,0.074202,0.5429,0.0,0.8503,0.1497,87.96,,703.2,822.0,likely_quiet
asr_final_20260809_165043_376.wav,2.96,16000,0.075558,0.5747,0.0,0.8129,0.1871,50.36,-76.2,862.6,1034.8,likely_quiet
asr_final_20260809_165157_154.wav,3.216,16000,0.069469,0.5611,0.0,0.7906,0.2094,37.27,5.6,825.4,1013.4,likely_quiet
asr_final_20260809_165201_458.wav,2.96,16000,0.071947,0.7634,0.0,0.8197,0.1803,68.48,-273.5,806.9,1059.5,likely_quiet
asr_final_20260809_165333_880.wav,2.96,16000,0.049642,0.5851,0.0,0.7993,0.2007,48.61,-67.4,827.3,1093.2,likely_quiet
asr_final_20260809_165415_631.wav,2.96,16000,0.068651,0.5117,0.0,0.8673,0.1327,67.68,568.6,702.6,832.4,likely_quiet
asr_final_20260809_165452_672.wav,3.216,16000,0.072745,0.5553,0.0,0.7625,0.2375,40.81,78.3,599.7,810.9,likely_quiet
asr_final_20260809_165517_235.wav,2.96,16000,0.078139,0.7685,0.0,0.7007,0.2993,28.8,43.6,906.7,1112.8,likely_quiet
asr_final_20260809_165537_712.wav,2.96,16000,0.080722,0.6118,0.0,0.8129,0.1871,34.39,-91.4,854.7,1017.2,likely_quiet
asr_final_20260809_165637_943.wav,2.96,16000,0.056609,0.566,0.0,0.7483,0.2517,39.88,-200.4,839.3,1019.6,likely_quiet
asr_final_20260809_165905_387.wav,2.96,16000,0.057435,0.7701,0.0,0.5544,0.4456,22.6,65.7,807.9,1235.5,likely_quiet
asr_final_20260809_165918_671.wav,2.96,16000,0.066161,0.5675,0.0,0.6463,0.3537,22.16,96.9,787.9,1012.5,likely_quiet
asr_final_20260809_170020_427.wav,2.96,16000,0.057172,0.5445,0.0,0.7653,0.2347,27.39,235.5,757.0,860.1,likely_quiet
asr_final_20260809_170023_964.wav,2.96,16000,0.072796,0.5398,0.0,0.7211,0.2789,30.26,102.7,682.6,815.9,likely_quiet
asr_final_20260809_170026_827.wav,2.56,16000,0.05976,0.7756,0.0,0.7717,0.2283,66.59,-397.7,917.8,1273.0,likely_quiet
asr_final_20260809_170137_460.wav,2.96,16000,0.063756,0.4944,0.0,0.8571,0.1429,69.78,640.8,735.9,818.9,likely_quiet
asr_final_20260809_170250_936.wav,2.96,16000,0.066984,0.4745,0.0,0.8469,0.1531,61.0,346.7,712.5,828.0,likely_quiet
asr_final_20260809_170259_377.wav,2.96,16000,0.076011,0.5434,0.0,0.898,0.102,81.07,,783.7,1015.9,likely_quiet
asr_final_20260809_170327_800.wav,2.96,16000,0.067971,0.4911,0.0,0.881,0.119,76.08,,693.8,815.5,likely_quiet
asr_final_20260809_170359_482.wav,2.96,16000,0.06486,0.7136,0.0,0.7279,0.2721,44.5,-155.9,836.7,1049.0,likely_quiet
asr_final_20260809_170437_699.wav,2.96,16000,0.058785,0.5927,0.0,0.8741,0.1259,65.57,527.8,803.7,940.2,likely_quiet
asr_final_20260809_170441_148.wav,2.96,16000,0.082407,0.5958,0.0,0.7109,0.2891,27.74,52.9,712.5,818.6,likely_quiet
asr_final_20260809_170518_033.wav,2.816,16000,0.077236,0.577,0.0,0.6143,0.3857,23.3,240.8,679.0,813.2,likely_quiet
asr_final_20260809_170520_894.wav,2.56,16000,0.065084,0.8705,0.0,0.7913,0.2087,47.43,-50.7,847.5,1065.6,likely_quiet
asr_final_20260809_170603_080.wav,2.96,16000,0.072768,0.558,0.0,0.8027,0.1973,36.98,-244.2,875.9,1077.7,likely_quiet
asr_final_20260809_170631_554.wav,2.96,16000,0.069323,0.5323,0.0,0.8707,0.1293,66.18,,705.2,822.3,likely_quiet
asr_final_20260809_170716_679.wav,2.96,16000,0.065607,0.4753,0.0,0.7551,0.2449,30.0,164.0,911.7,1209.1,likely_quiet
asr_final_20260809_170733_069.wav,2.96,16000,0.065164,0.775,0.0,0.8129,0.1871,64.96,113.6,949.6,1094.3,likely_quiet
asr_final_20260809_170741_394.wav,4.24,16000,0.054244,0.8289,0.0,0.7133,0.2867,34.72,113.1,810.7,963.0,likely_quiet
asr_final_20260809_170745_000.wav,2.96,16000,0.077511,0.6061,0.0,0.8605,0.1395,98.46,,675.9,814.9,likely_quiet
asr_final_20260809_170821_868.wav,2.96,16000,0.062477,0.5351,0.0,0.8878,0.1122,92.07,,711.3,821.3,likely_quiet
asr_final_20260809_170858_430.wav,2.96,16000,0.076379,0.5699,0.0,0.8673,0.1327,71.95,-374.3,733.6,845.3,likely_quiet
asr_final_20260809_170901_550.wav,2.816,16000,0.056513,0.6878,0.0,0.8071,0.1929,62.38,-401.1,793.0,1094.5,likely_quiet
asr_final_20260809_170907_007.wav,2.96,16000,0.074711,0.5814,0.0,0.8197,0.1803,60.4,-187.5,862.4,1053.7,likely_quiet
asr_final_20260809_170935_375.wav,2.96,16000,0.071253,0.5632,0.0,0.8571,0.1429,66.49,540.8,712.0,837.2,likely_quiet
asr_final_20260809_171012_267.wav,2.96,16000,0.075609,0.6022,0.0,0.7211,0.2789,28.07,190.1,683.8,814.2,likely_quiet
asr_final_20260809_171020_350.wav,2.96,16000,0.069455,0.5465,0.0,0.8231,0.1769,61.42,-313.6,884.2,1199.7,likely_quiet
asr_final_20260809_171049_137.wav,3.216,16000,0.079992,0.535,0.0,0.6937,0.3063,22.26,-56.1,668.8,946.2,likely_quiet
asr_final_20260809_171051_938.wav,2.56,16000,0.068281,0.9033,0.0,0.6299,0.3701,14.59,93.3,469.5,775.0,likely_farfield_or_muffled
asr_final_20260809_171057_305.wav,2.96,16000,0.078167,0.6369,0.0,0.8027,0.1973,39.81,3.3,851.9,1017.6,likely_quiet
asr_final_20260809_171125_694.wav,2.96,16000,0.065299,0.394,0.0,0.8741,0.1259,50.85,141.6,671.0,822.3,likely_quiet
asr_final_20260809_171157_400.wav,2.96,16000,0.056438,0.7268,0.0,0.7585,0.2415,63.1,412.0,841.7,1003.0,likely_quiet
asr_final_20260809_171202_358.wav,2.96,16000,0.071059,0.5246,0.0,0.8299,0.1701,81.75,,729.2,837.8,likely_quiet
asr_final_20260809_171205_311.wav,2.816,16000,0.056158,0.687,0.0,0.7679,0.2321,64.23,-446.8,848.0,1102.3,likely_quiet
asr_final_20260809_171216_893.wav,2.96,16000,0.058437,0.735,0.0,0.7347,0.2653,30.64,166.3,771.0,951.7,likely_quiet
asr_final_20260809_171227_080.wav,2.96,16000,0.082862,0.726,0.0,0.6395,0.3605,30.01,73.5,970.9,1109.5,likely_quiet
asr_final_20260809_171235_630.wav,2.96,16000,0.051515,0.5716,0.0,0.7789,0.2211,52.58,-53.7,786.6,942.6,likely_quiet
asr_final_20260809_171239_153.wav,2.96,16000,0.073723,0.558,0.0,0.8639,0.1361,87.11,,696.9,818.9,likely_quiet
asr_final_20260809_171352_657.wav,2.96,16000,0.07719,0.5204,0.0,0.8333,0.1667,57.42,130.7,703.7,815.9,likely_quiet
asr_final_20260809_171514_523.wav,2.96,16000,0.072451,0.5939,0.0,0.8061,0.1939,64.08,11.8,822.5,1015.2,likely_quiet
asr_final_20260809_171538_096.wav,2.56,16000,0.064614,0.617,0.0,0.8307,0.1693,51.32,92.1,819.2,961.3,likely_quiet
asr_final_20260809_171616_191.wav,2.96,16000,0.056955,0.4876,0.0,0.8707,0.1293,53.38,271.6,790.8,943.6,likely_quiet
asr_final_20260809_171627_953.wav,2.96,16000,0.062864,0.5144,0.0,0.8095,0.1905,63.28,-235.7,864.6,1108.1,likely_quiet
asr_final_20260809_171810_174.wav,2.56,16000,0.080054,0.5608,0.0,0.5315,0.4685,18.13,114.4,611.2,807.8,likely_farfield_or_muffled
asr_final_20260809_171812_986.wav,2.56,16000,0.061446,0.8028,0.0,0.8307,0.1693,63.38,-612.1,798.8,1027.0,likely_quiet
asr_final_20260809_171818_419.wav,2.96,16000,0.072286,0.5691,0.0,0.8061,0.1939,67.8,-129.6,843.4,1021.6,likely_quiet
asr_final_20260809_171846_827.wav,2.96,16000,0.068372,0.4846,0.0,0.7075,0.2925,31.46,17.4,712.0,824.7,likely_quiet
asr_final_20260809_171923_694.wav,2.96,16000,0.07355,0.5069,0.0,0.8673,0.1327,66.35,380.9,703.6,816.2,likely_quiet
asr_final_20260809_171956_592.wav,2.96,16000,0.055033,0.5699,0.0,0.8537,0.1463,63.09,-73.2,830.7,948.6,likely_quiet
asr_final_20260809_172032_259.wav,2.96,16000,0.065245,0.6849,0.0,0.8027,0.1973,45.9,-523.9,813.6,964.2,likely_quiet
asr_final_20260809_172227_647.wav,3.216,16000,0.064102,0.5548,0.0,0.85,0.15,61.7,-437.4,800.7,952.7,likely_quiet
asr_final_20260809_172340_969.wav,2.96,16000,0.068625,0.5052,0.0,0.8435,0.1565,77.44,,716.3,822.6,likely_quiet
asr_final_20260809_172608_595.wav,2.96,16000,0.070759,0.5583,0.0,0.8197,0.1803,46.58,239.9,663.1,811.8,likely_quiet
asr_final_20260809_172616_758.wav,2.96,16000,0.067486,0.5805,0.0,0.8129,0.1871,55.96,-54.2,835.8,1017.6,likely_quiet
asr_final_20260809_172645_153.wav,2.96,16000,0.073302,0.5245,0.0,0.8503,0.1497,87.17,,702.7,816.6,likely_quiet
asr_final_20260809_172653_701.wav,2.96,16000,0.078019,0.576,0.0,0.8061,0.1939,24.79,263.7,737.8,1003.4,likely_quiet
asr_final_20260809_172807_163.wav,2.96,16000,0.071867,0.5328,0.0,0.8163,0.1837,40.67,-324.1,861.8,1069.3,likely_quiet
asr_final_20260809_172832_020.wav,2.96,16000,0.062851,0.5511,0.0,0.5476,0.4524,19.67,86.3,794.0,944.9,likely_farfield_or_muffled
asr_final_20260809_172835_856.wav,3.216,16000,0.074078,0.5708,0.0,0.8375,0.1625,65.36,11.1,680.6,814.7,likely_quiet
asr_final_20260809_172920_593.wav,2.96,16000,0.071732,0.5854,0.0,0.8605,0.1395,73.29,,868.9,1053.4,likely_quiet
asr_final_20260809_173025_940.wav,2.96,16000,0.077765,0.5608,0.0,0.8571,0.1429,50.62,261.9,694.7,815.9,likely_quiet
asr_final_20260809_173034_044.wav,2.96,16000,0.070427,0.5811,0.0,0.8401,0.1599,63.93,116.3,873.9,1069.6,likely_quiet
asr_final_20260809_173301_244.wav,2.816,16000,0.070921,0.5841,0.0,0.8286,0.1714,38.71,28.7,855.3,1014.2,likely_quiet
asr_final_20260809_173329_637.wav,2.816,16000,0.069985,0.4935,0.0,0.7,0.3,26.84,172.3,657.0,813.6,likely_quiet
asr_final_20260809_173549_219.wav,2.56,16000,0.052003,0.4876,0.0,0.7992,0.2008,42.13,-264.6,709.3,839.5,likely_quiet
asr_final_20260809_173633_562.wav,2.96,16000,0.063162,0.4647,0.0,0.8741,0.1259,71.5,402.3,700.4,816.6,likely_quiet
asr_final_20260809_173746_925.wav,2.96,16000,0.076237,0.5485,0.0,0.8571,0.1429,91.86,,687.4,814.5,likely_quiet
asr_final_20260809_173932_686.wav,2.96,16000,0.073532,0.7643,0.0,0.7993,0.2007,52.06,-474.2,806.7,969.3,likely_quiet
asr_final_20260809_174059_792.wav,3.216,16000,0.078151,0.6349,0.0,0.8344,0.1656,48.26,-133.4,831.0,1013.4,likely_quiet
asr_final_20260809_174136_105.wav,2.96,16000,0.070328,0.565,0.0,0.8129,0.1871,66.83,-267.8,874.1,1110.8,likely_quiet
asr_final_20260809_174207_624.wav,2.96,16000,0.06045,0.8101,0.0,0.7721,0.2279,71.03,-404.1,819.1,1061.5,likely_quiet
asr_final_20260809_174212_994.wav,2.96,16000,0.077976,0.5693,0.0,0.8061,0.1939,58.14,-217.9,861.1,1091.6,likely_quiet
asr_final_20260809_174241_328.wav,2.96,16000,0.066014,0.4655,0.0,0.8639,0.1361,79.95,,694.0,814.5,likely_quiet
asr_final_20260809_174355_145.wav,3.216,16000,0.067356,0.5215,0.0,0.8562,0.1438,72.12,,692.4,818.4,likely_quiet
asr_final_20260809_174403_248.wav,2.96,16000,0.069945,0.5493,0.0,0.8435,0.1565,68.14,-181.8,871.1,1040.5,likely_quiet
asr_final_20260809_174516_752.wav,2.96,16000,0.071892,0.5637,0.0,0.8265,0.1735,64.85,-211.8,865.3,1100.3,likely_quiet
asr_final_20260809_174658_914.wav,2.96,16000,0.074908,0.5832,0.0,0.7619,0.2381,42.99,337.4,720.2,823.3,likely_quiet
asr_final_20260809_174702_264.wav,3.072,16000,0.052995,0.7528,0.0,0.7311,0.2689,28.26,70.6,915.8,1458.0,likely_quiet
asr_final_20260809_174845_713.wav,2.96,16000,0.04878,0.574,0.0,0.8401,0.1599,54.57,-631.5,778.3,893.6,likely_quiet
asr_final_20260809_174849_155.wav,2.96,16000,0.069891,0.5539,0.0,0.8571,0.1429,85.68,,706.8,819.3,likely_quiet
asr_final_20260809_174934_344.wav,2.96,16000,0.068031,0.5476,0.0,0.7993,0.2007,68.04,-40.0,890.3,1120.6,likely_quiet
asr_final_20260809_175039_627.wav,2.96,16000,0.070975,0.5167,0.0,0.8605,0.1395,67.72,303.0,697.8,819.3,likely_quiet
asr_final_20260809_175153_313.wav,2.96,16000,0.069375,0.533,0.0,0.7993,0.2007,56.8,456.7,715.6,819.6,likely_quiet
asr_final_20260809_175254_680.wav,2.96,16000,0.074434,0.8916,0.0,0.7653,0.2347,47.62,-110.9,878.2,1097.3,likely_quiet
asr_final_20260809_175309_798.wav,2.96,16000,0.05791,0.8241,0.0,0.7619,0.2381,70.84,-219.8,888.9,1128.7,likely_quiet
asr_final_20260809_175428_669.wav,2.96,16000,0.081519,0.6827,0.0,0.8129,0.1871,52.32,40.3,877.3,1090.5,likely_quiet
asr_final_20260809_175505_574.wav,2.96,16000,0.071075,0.5645,0.0,0.8197,0.1803,52.54,-250.6,826.6,1016.6,likely_quiet
asr_final_20260809_175510_119.wav,2.96,16000,0.070038,0.6856,0.0,0.7687,0.2313,36.22,294.7,832.2,1066.6,likely_quiet
asr_final_20260809_175530_424.wav,2.96,16000,0.056908,0.5547,0.0,0.6701,0.3299,48.94,-292.0,759.6,860.8,likely_quiet
asr_final_20260809_175838_032.wav,2.96,16000,0.070996,0.4854,0.0,0.8741,0.1259,65.09,470.5,671.1,813.9,likely_quiet
asr_final_20260809_175922_999.wav,2.96,16000,0.080118,0.666,0.0,0.8333,0.1667,56.36,-57.8,854.6,1054.4,likely_quiet
asr_final_20260809_175946_601.wav,2.96,16000,0.065124,0.6964,0.0,0.7789,0.2211,45.29,-302.6,820.3,1012.2,likely_quiet
asr_final_20260809_175951_722.wav,3.216,16000,0.068763,0.5471,0.0,0.8344,0.1656,62.37,464.9,686.0,817.2,likely_quiet
asr_final_20260809_175959_880.wav,2.96,16000,0.081492,0.6383,0.0,0.7789,0.2211,32.06,53.8,844.9,1018.9,likely_quiet
asr_final_20260809_180100_121.wav,2.96,16000,0.057211,0.6292,0.0,0.7857,0.2143,49.97,-172.6,817.9,1034.8,likely_quiet
asr_final_20260809_180113_399.wav,2.96,16000,0.074824,0.5843,0.0,0.8333,0.1667,47.63,-110.2,870.6,1055.1,likely_quiet
asr_final_20260809_180207_892.wav,2.96,16000,0.065071,0.6601,0.0,0.4592,0.5408,20.07,20.2,643.9,1000.7,likely_quiet
asr_final_20260809_180219_002.wav,3.216,16000,0.073939,0.5521,0.0,0.7156,0.2844,28.46,66.4,664.8,813.1,likely_quiet
asr_final_20260809_180226_917.wav,2.96,16000,0.074464,0.6947,0.0,0.7857,0.2143,39.27,204.7,847.8,1014.2,likely_quiet
asr_final_20260809_180303_794.wav,2.96,16000,0.072237,0.5934,0.0,0.8367,0.1633,52.5,-241.9,827.8,1013.5,likely_quiet
asr_final_20260809_180522_507.wav,2.96,16000,0.071656,0.4957,0.0,0.7925,0.2075,29.83,170.6,653.2,811.8,likely_quiet
asr_final_20260809_180530_599.wav,2.96,16000,0.064211,0.47,0.0,0.8265,0.1735,66.75,-132.1,879.6,1190.9,likely_quiet
asr_final_20260809_180554_267.wav,2.96,16000,0.053689,0.6703,0.0,0.7619,0.2381,62.03,-344.3,823.4,971.3,likely_quiet
asr_final_20260809_180632_359.wav,2.96,16000,0.063979,0.6139,0.0,0.8503,0.1497,39.28,359.2,769.7,870.3,likely_quiet
asr_final_20260809_180635_882.wav,2.96,16000,0.081633,0.6151,0.0,0.8571,0.1429,56.73,386.6,677.2,813.9,likely_quiet
asr_final_20260809_180749_465.wav,2.96,16000,0.072212,0.5361,0.0,0.8299,0.1701,46.57,314.5,680.9,825.7,likely_quiet
asr_final_20260809_180826_346.wav,2.96,16000,0.066956,0.4982,0.0,0.8946,0.1054,97.03,,681.5,814.2,likely_quiet
asr_final_20260809_180911_331.wav,2.96,16000,0.077484,0.5688,0.0,0.8401,0.1599,58.8,-378.1,858.5,1021.3,likely_quiet
asr_final_20260809_180939_730.wav,2.816,16000,0.077155,0.5662,0.0,0.6571,0.3429,23.76,99.6,693.0,815.3,likely_quiet
asr_final_20260809_181053_160.wav,2.96,16000,0.072862,0.5805,0.0,0.8469,0.1531,94.9,,716.3,818.6,likely_quiet
asr_final_20260809_181101_706.wav,2.96,16000,0.07772,0.6147,0.0,0.8231,0.1769,53.21,17.6,846.9,1017.2,likely_quiet
asr_final_20260809_181138_584.wav,2.96,16000,0.070742,0.5717,0.0,0.8231,0.1769,66.34,-28.1,854.5,1054.4,likely_quiet
asr_final_20260809_181207_169.wav,2.96,16000,0.071631,0.5316,0.0,0.8537,0.1463,96.28,,721.5,822.0,likely_quiet
asr_final_20260809_181215_706.wav,2.96,16000,0.07586,0.5638,0.0,0.8435,0.1565,63.25,-355.2,855.0,1018.9,likely_quiet
asr_final_20260809_181244_104.wav,2.56,16000,0.078533,0.5427,0.0,0.5472,0.4528,19.47,102.7,621.9,809.8,likely_farfield_or_muffled
asr_final_20260809_181246_914.wav,2.56,16000,0.060159,0.7921,0.0,0.7835,0.2165,66.81,-76.4,768.1,1051.6,likely_quiet
asr_final_20260809_181317_078.wav,2.96,16000,0.052663,0.5392,0.0,0.585,0.415,24.06,54.6,776.2,914.9,likely_quiet
asr_final_20260809_181357_784.wav,2.96,16000,0.078372,0.6008,0.0,0.8776,0.1224,87.96,,728.4,816.2,likely_quiet
asr_final_20260809_181430_835.wav,2.96,16000,0.060426,0.6201,0.0,0.7993,0.2007,31.47,157.1,776.4,919.6,likely_quiet
asr_final_20260809_181511_240.wav,2.96,16000,0.075379,0.5516,0.0,0.8197,0.1803,52.99,455.4,707.2,815.9,likely_quiet
asr_final_20260809_181624_995.wav,2.96,16000,0.074126,0.5056,0.0,0.8129,0.1871,49.18,334.8,727.6,819.6,likely_quiet
asr_final_20260809_181633_470.wav,2.96,16000,0.075683,0.5518,0.0,0.8673,0.1327,68.05,267.9,850.0,1016.9,likely_quiet
asr_final_20260809_181658_268.wav,2.96,16000,0.051094,0.5686,0.0,0.7687,0.2313,64.04,34.2,775.3,874.7,likely_quiet
asr_final_20260809_181738_678.wav,2.96,16000,0.07536,0.5144,0.0,0.8095,0.1905,30.33,156.5,681.9,814.2,likely_quiet
asr_final_20260809_181815_627.wav,3.216,16000,0.07008,0.5424,0.0,0.8625,0.1375,71.91,,677.9,813.7,likely_quiet
asr_final_20260809_181852_133.wav,2.96,16000,0.071109,0.5375,0.0,0.8741,0.1259,63.39,432.7,699.2,815.9,likely_quiet
asr_final_20260809_182031_786.wav,2.96,16000,0.061358,0.568,0.0,0.7585,0.2415,28.87,-12.9,701.9,1080.7,likely_quiet
asr_final_20260809_182119_146.wav,2.56,16000,0.073856,0.463,0.0,0.5591,0.4409,21.2,-16.1,669.6,812.9,likely_quiet
asr_final_20260809_182156_023.wav,2.96,16000,0.069806,0.4834,0.0,0.881,0.119,97.46,,698.0,816.9,likely_quiet
asr_final_20260809_182229_059.wav,2.96,16000,0.052768,0.5831,0.0,0.7755,0.2245,44.93,119.6,761.4,884.1,likely_quiet
asr_final_20260809_182342_678.wav,2.96,16000,0.054726,0.583,0.0,0.6769,0.3231,53.43,-321.3,787.5,890.9,likely_quiet
asr_final_20260809_182346_290.wav,2.96,16000,0.084509,0.5918,0.0,0.8707,0.1293,58.2,339.8,776.8,1209.5,likely_quiet
asr_final_20260809_182349_163.wav,2.56,16000,0.053667,0.7786,0.0,0.7165,0.2835,60.98,-282.4,893.5,1122.7,likely_quiet
asr_final_20260809_182536_667.wav,2.96,16000,0.074243,0.5462,0.0,0.7721,0.2279,27.93,187.4,665.1,812.5,likely_quiet
asr_final_20260809_182539_475.wav,2.56,16000,0.060716,0.7582,0.0,0.7992,0.2008,44.41,-339.8,892.2,1114.5,likely_quiet
asr_final_20260809_182544_926.wav,2.96,16000,0.070737,0.493,0.0,0.7959,0.2041,48.11,-223.2,838.0,1018.2,likely_quiet
asr_final_20260809_182621_720.wav,2.96,16000,0.077077,0.6208,0.0,0.8367,0.1633,53.68,-169.2,835.8,1014.9,likely_quiet
asr_final_20260809_182650_117.wav,2.96,16000,0.064098,0.4459,0.0,0.8741,0.1259,66.16,513.3,693.4,817.2,likely_quiet
asr_final_20260809_182803_625.wav,2.96,16000,0.070128,0.5366,0.0,0.8265,0.1735,66.74,290.1,704.7,815.9,likely_quiet
asr_final_20260809_182832_200.wav,2.96,16000,0.071319,0.5898,0.0,0.6361,0.3639,23.69,64.0,824.4,1092.9,likely_quiet
asr_final_20260809_182835_321.wav,2.816,16000,0.066204,0.6642,0.0,0.7464,0.2536,41.36,-126.9,814.3,972.3,likely_quiet
asr_final_20260809_182954_192.wav,2.96,16000,0.065704,0.5004,0.0,0.8741,0.1259,59.6,397.6,713.0,824.3,likely_quiet
asr_final_20260809_183257_961.wav,2.96,16000,0.083887,0.5909,0.0,0.8673,0.1327,53.18,358.1,717.3,817.2,likely_quiet
asr_final_20260809_183300_829.wav,2.56,16000,0.063578,0.8369,0.0,0.7559,0.2441,61.75,-2.8,938.0,1374.2,likely_quiet
asr_final_20260809_183306_191.wav,2.96,16000,0.07835,0.6186,0.0,0.8095,0.1905,63.65,-57.1,856.5,1033.4,likely_quiet
asr_final_20260809_183411_641.wav,2.96,16000,0.067719,0.4611,0.0,0.8673,0.1327,86.31,,701.7,818.6,likely_quiet
asr_final_20260809_183456_826.wav,2.96,16000,0.066572,0.6165,0.0,0.7619,0.2381,37.79,84.4,862.8,1044.9,likely_quiet
asr_final_20260809_183521_572.wav,2.96,16000,0.05357,0.5161,0.0,0.8129,0.1871,40.57,171.6,779.0,934.1,likely_quiet
asr_final_20260809_183533_648.wav,2.96,16000,0.068714,0.5383,0.0,0.8469,0.1531,68.42,-514.3,875.6,1021.6,likely_quiet
asr_final_20260809_183724_029.wav,2.96,16000,0.075054,0.6363,0.0,0.8741,0.1259,64.21,-169.1,846.8,1017.6,likely_quiet
asr_final_20260809_183906_122.wav,2.96,16000,0.068442,0.4992,0.0,0.8741,0.1259,67.87,,690.6,815.5,likely_quiet
asr_final_20260809_183942_997.wav,2.96,16000,0.085631,0.6406,0.0,0.6361,0.3639,20.7,61.1,677.0,814.2,likely_quiet
asr_final_20260809_183945_800.wav,2.56,16000,0.072409,0.9363,0.0,0.5197,0.4803,20.19,70.8,810.2,1060.5,likely_quiet
asr_final_20260809_184052_843.wav,2.96,16000,0.060481,0.571,0.0,0.7313,0.2687,26.38,159.5,801.3,939.9,likely_quiet
asr_final_20260809_184056_362.wav,2.96,16000,0.073486,0.5452,0.0,0.8844,0.1156,58.89,385.6,694.3,815.9,likely_quiet
asr_final_20260809_184241_884.wav,2.96,16000,0.059446,0.7632,0.0,0.8503,0.1497,58.77,-435.6,800.9,997.3,likely_quiet
asr_final_20260809_184437_082.wav,2.96,16000,0.097837,0.6859,0.0,0.8299,0.1701,66.09,,720.7,821.3,likely_quiet
asr_final_20260809_184440_132.wav,2.816,16000,0.067171,0.9187,0.0,0.8214,0.1786,72.95,-360.6,904.5,1142.0,likely_quiet
asr_final_20260809_184445_556.wav,2.96,16000,0.099652,0.7657,0.0,0.8163,0.1837,58.66,-71.2,857.6,1022.3,likely_quiet
asr_final_20260809_184514_038.wav,2.96,16000,0.07149,0.5017,0.0,0.8673,0.1327,70.54,435.2,702.0,821.3,likely_quiet
asr_final_20260809_184559_090.wav,2.96,16000,0.065709,0.5304,0.0,0.8231,0.1769,63.95,-153.7,864.7,1049.7,likely_quiet
asr_final_20260809_184627_411.wav,2.96,16000,0.065179,0.4595,0.0,0.8503,0.1497,78.58,,715.4,822.0,likely_quiet
asr_final_20260809_184635_949.wav,2.96,16000,0.070646,0.5338,0.0,0.8537,0.1463,64.59,-604.3,860.2,1018.2,likely_quiet
asr_final_20260809_184704_292.wav,2.816,16000,0.078507,0.5185,0.0,0.6357,0.3643,22.44,159.8,680.6,814.3,likely_quiet
asr_final_20260809_184749_400.wav,2.96,16000,0.071879,0.511,0.0,0.8435,0.1565,66.38,-294.4,844.2,1016.9,likely_quiet
asr_final_20260809_184939_718.wav,2.96,16000,0.077176,0.5975,0.0,0.8231,0.1769,64.1,-296.8,845.5,1012.5,likely_quiet
asr_final_20260809_185008_039.wav,2.816,16000,0.075448,0.5388,0.0,0.6607,0.3393,23.01,106.1,681.9,813.9,likely_quiet
asr_final_20260809_185044_919.wav,2.96,16000,0.076323,0.5448,0.0,0.7687,0.2313,33.15,-54.2,678.4,814.2,likely_quiet
asr_final_20260809_185121_563.wav,2.96,16000,0.075326,0.5396,0.0,0.8571,0.1429,78.92,,703.5,818.2,likely_quiet
asr_final_20260809_185311_946.wav,2.96,16000,0.077481,0.561,0.0,0.8673,0.1327,57.81,359.5,711.6,818.9,likely_quiet
asr_final_20260809_185348_763.wav,2.96,16000,0.078914,0.5554,0.0,0.7211,0.2789,25.68,125.7,674.2,813.9,likely_quiet
asr_final_20260809_185425_396.wav,2.96,16000,0.06851,0.4818,0.0,0.8503,0.1497,70.47,429.9,716.8,823.3,likely_quiet
asr_final_20260809_185433_871.wav,2.96,16000,0.074076,0.5459,0.0,0.8367,0.1633,56.88,-300.9,850.6,1018.2,likely_quiet
asr_final_20260809_185502_201.wav,2.816,16000,0.080445,0.5431,0.0,0.5821,0.4179,21.25,155.1,675.6,813.6,likely_quiet
asr_final_20260809_185510_371.wav,2.96,16000,0.071924,0.5393,0.0,0.7857,0.2143,63.56,-117.9,868.8,1107.1,likely_quiet
asr_final_20260809_185615_717.wav,2.96,16000,0.074354,0.5243,0.0,0.8605,0.1395,65.63,380.0,699.7,817.2,likely_quiet
asr_final_20260809_185722_839.wav,3.072,16000,0.064843,0.734,0.0,0.6918,0.3082,30.27,74.3,874.9,1062.2,likely_quiet
asr_final_20260809_185725_637.wav,2.56,16000,0.06172,0.6016,0.0,0.626,0.374,20.6,89.1,781.7,920.7,likely_quiet
asr_final_20260809_185729_160.wav,2.96,16000,0.076119,0.5303,0.0,0.8469,0.1531,68.58,,708.0,824.3,likely_quiet
asr_final_20260809_185806_119.wav,2.96,16000,0.080478,0.5732,0.0,0.881,0.119,90.3,,687.4,815.9,likely_quiet
asr_final_20260809_185928_027.wav,2.96,16000,0.086401,0.6488,0.0,0.8401,0.1599,47.08,-324.0,838.6,1015.9,likely_quiet
asr_final_20260809_190029_643.wav,4.24,16000,0.059742,0.7094,0.0,0.673,0.327,36.05,-21.9,811.1,952.8,likely_quiet
asr_final_20260809_190033_546.wav,3.216,16000,0.074001,0.5636,0.0,0.8656,0.1344,87.96,,701.2,819.3,likely_quiet
asr_final_20260809_190041_719.wav,2.56,16000,0.081814,0.6045,0.0,0.5827,0.4173,20.05,133.7,819.3,963.3,likely_quiet
asr_final_20260809_190223_874.wav,2.96,16000,0.087963,0.6172,0.0,0.8639,0.1361,58.12,364.8,697.2,818.9,likely_quiet
asr_final_20260809_190300_756.wav,2.96,16000,0.072241,0.5019,0.0,0.8265,0.1735,64.37,361.6,723.8,826.0,likely_quiet
asr_final_20260809_190303_729.wav,2.816,16000,0.054255,0.7369,0.0,0.8214,0.1786,62.5,164.4,816.9,1076.3,likely_quiet
asr_final_20260809_190337_480.wav,2.96,16000,0.071078,0.513,0.0,0.8639,0.1361,91.0,,697.8,819.3,likely_quiet
asr_final_20260809_190414_427.wav,2.96,16000,0.072129,0.5142,0.0,0.8129,0.1871,31.51,104.0,672.5,813.5,likely_quiet
asr_final_20260809_190422_613.wav,2.96,16000,0.078827,0.6372,0.0,0.8095,0.1905,64.75,-197.3,871.2,1081.4,likely_quiet
asr_final_20260809_190444_356.wav,2.816,16000,0.070562,0.7945,0.0,0.6571,0.3429,28.38,17.1,819.8,1049.0,likely_quiet
asr_final_20260809_190447_397.wav,2.816,16000,0.056417,0.6512,0.0,0.8286,0.1714,63.87,53.9,791.1,865.1,likely_quiet
asr_final_20260809_190450_999.wav,2.96,16000,0.080665,0.6404,0.0,0.8435,0.1565,86.33,,702.6,816.9,likely_quiet
asr_final_20260809_190459_464.wav,2.96,16000,0.08085,0.6494,0.0,0.8367,0.1633,67.3,-527.5,853.6,1018.2,likely_quiet
asr_final_20260809_190718_201.wav,2.96,16000,0.073464,0.512,0.0,0.8912,0.1088,87.58,,687.0,814.5,likely_quiet
asr_final_20260809_190803_315.wav,2.96,16000,0.083191,0.6042,0.0,0.8537,0.1463,63.79,529.4,857.8,1039.9,likely_quiet
asr_final_20260809_190831_941.wav,2.56,16000,0.074573,0.5294,0.0,0.5906,0.4094,20.63,71.8,596.9,805.1,likely_quiet
asr_final_20260809_190945_234.wav,2.96,16000,0.081326,0.595,0.0,0.8401,0.1599,67.21,449.7,719.0,829.1,likely_quiet
asr_final_20260809_190953_635.wav,2.96,16000,0.076889,0.6123,0.0,0.8469,0.1531,68.41,-218.6,840.5,1035.5,likely_quiet
asr_final_20260809_191248_988.wav,2.56,16000,0.083086,0.5696,0.0,0.6024,0.3976,22.59,123.4,655.9,812.1,likely_quiet
asr_final_20260809_191257_472.wav,2.96,16000,0.077936,0.5829,0.0,0.8197,0.1803,49.06,-203.1,846.9,1017.2,likely_quiet
asr_final_20260809_191326_047.wav,2.96,16000,0.075298,0.5253,0.0,0.881,0.119,49.01,346.5,686.8,815.5,likely_quiet
asr_final_20260809_191402_687.wav,2.96,16000,0.084466,0.6044,0.0,0.8401,0.1599,92.35,,708.2,823.3,likely_quiet
asr_final_20260809_191405_716.wav,2.816,16000,0.062113,0.8717,0.0,0.75,0.25,53.74,-209.5,800.2,1073.5,likely_quiet
asr_final_20260809_191439_631.wav,2.96,16000,0.080167,0.5888,0.0,0.8639,0.1361,60.38,403.0,685.7,814.5,likely_quiet
asr_final_20260809_191714_916.wav,2.96,16000,0.075502,0.5683,0.0,0.7721,0.2279,36.19,-7.8,847.7,1037.8,likely_quiet
asr_final_20260809_191738_501.wav,2.96,16000,0.063856,0.782,0.0,0.7075,0.2925,40.07,97.6,789.5,951.4,likely_quiet
asr_final_20260809_191820_207.wav,2.96,16000,0.078559,0.5394,0.0,0.8912,0.1088,93.01,,676.2,814.9,likely_quiet
asr_final_20260809_191856_849.wav,2.96,16000,0.075983,0.5386,0.0,0.8299,0.1701,68.98,472.4,708.3,823.0,likely_quiet
asr_final_20260809_191859_886.wav,2.816,16000,0.054836,0.7763,0.0,0.7857,0.2143,64.88,-229.8,762.6,1076.3,likely_quiet
asr_final_20260809_192010_517.wav,2.96,16000,0.068903,0.4982,0.0,0.7959,0.2041,32.72,218.4,670.0,815.9,likely_quiet
asr_final_20260809_192018_767.wav,2.96,16000,0.064472,0.5361,0.0,0.8197,0.1803,60.38,19.5,857.4,1055.1,likely_quiet
asr_final_20260809_192042_366.wav,2.96,16000,0.056021,0.6072,0.0,0.7483,0.2517,65.08,-286.7,840.8,1044.6,likely_quiet
asr_final_20260809_192047_238.wav,2.96,16000,0.065035,0.4616,0.0,0.8435,0.1565,73.52,,702.7,819.3,likely_quiet
asr_final_20260809_192055_631.wav,2.96,16000,0.074744,0.5956,0.0,0.8231,0.1769,49.31,-26.2,843.0,1014.2,likely_quiet
asr_final_20260809_192124_132.wav,2.96,16000,0.070608,0.4822,0.0,0.8776,0.1224,86.77,,689.0,817.2,likely_quiet
asr_final_20260809_192237_492.wav,2.816,16000,0.075256,0.5293,0.0,0.7714,0.2286,28.61,96.1,675.6,814.3,likely_quiet
asr_final_20260809_192350_995.wav,2.96,16000,0.071538,0.5451,0.0,0.8231,0.1769,65.86,198.3,714.5,818.6,likely_quiet
asr_final_20260809_192354_037.wav,2.816,16000,0.05647,0.7676,0.0,0.7929,0.2071,68.41,-284.1,804.1,1104.4,likely_quiet
asr_final_20260809_192549_782.wav,2.96,16000,0.076668,0.5989,0.0,0.8231,0.1769,48.85,-295.9,854.7,1020.6,likely_quiet
asr_final_20260809_192654_829.wav,2.96,16000,0.074063,0.5155,0.0,0.8401,0.1599,81.86,,711.9,822.6,likely_quiet
asr_final_20260809_192657_797.wav,2.816,16000,0.057814,0.7864,0.0,0.8286,0.1714,66.26,251.0,823.4,1096.2,likely_quiet
asr_final_20260809_192731_652.wav,2.816,16000,0.071345,0.5172,0.0,0.7,0.3,23.4,216.8,672.4,813.2,likely_quiet
asr_final_20260809_192816_687.wav,2.96,16000,0.079086,0.6224,0.0,0.8163,0.1837,48.49,-393.3,868.0,1091.6,likely_quiet
asr_final_20260809_193036_204.wav,2.96,16000,0.076549,0.5354,0.0,0.8844,0.1156,97.42,,680.3,814.2,likely_quiet
asr_final_20260809_193149_701.wav,2.96,16000,0.067333,0.4978,0.0,0.8469,0.1531,64.35,532.7,693.2,818.9,likely_quiet
asr_final_20260809_193222_919.wav,2.96,16000,0.055516,0.5465,0.0,0.7925,0.2075,31.66,142.4,784.5,919.3,likely_quiet
asr_final_20260809_193226_517.wav,2.96,16000,0.069919,0.4893,0.0,0.8946,0.1054,92.06,,675.9,813.9,likely_quiet
asr_final_20260809_193303_396.wav,2.96,16000,0.068336,0.4909,0.0,0.8537,0.1463,93.5,,707.9,819.3,likely_quiet
asr_final_20260809_193340_200.wav,2.96,16000,0.076452,0.5302,0.0,0.8844,0.1156,62.82,310.8,672.6,814.2,likely_quiet
asr_final_20260809_193348_452.wav,2.96,16000,0.068432,0.554,0.0,0.8129,0.1871,62.09,356.6,864.3,1057.1,likely_quiet
asr_final_20260809_193453_781.wav,2.96,16000,0.069547,0.5367,0.0,0.8639,0.1361,71.0,,688.8,816.2,likely_quiet
asr_final_20260809_193530_664.wav,2.96,16000,0.071146,0.5067,0.0,0.8333,0.1667,37.86,287.9,684.5,815.5,likely_quiet
asr_final_20260809_193607_226.wav,2.96,16000,0.075927,0.5644,0.0,0.8435,0.1565,69.06,,731.5,819.6,likely_quiet
asr_final_20260809_193610_582.wav,3.072,16000,0.059435,0.8018,0.0,0.8098,0.1902,45.05,-124.6,955.8,1475.6,likely_quiet
asr_final_20260809_193729_082.wav,2.96,16000,0.070641,0.6194,0.0,0.8707,0.1293,70.3,,838.9,1030.1,likely_quiet
asr_final_20260809_193805_966.wav,2.96,16000,0.081031,0.6186,0.0,0.7721,0.2279,33.12,124.7,829.4,1005.4,likely_quiet
asr_final_20260809_193842_846.wav,2.816,16000,0.073622,0.5688,0.0,0.8143,0.1857,50.36,-114.3,921.0,1411.2,likely_quiet
asr_final_20260809_193944_662.wav,2.96,16000,0.050297,0.5368,0.0,0.8197,0.1803,39.89,181.7,759.6,861.1,likely_quiet
asr_final_20260809_193948_127.wav,2.96,16000,0.066042,0.4916,0.0,0.8673,0.1327,65.81,411.9,697.7,818.6,likely_quiet
asr_final_20260809_194056_677.wav,2.816,16000,0.071392,0.7292,0.0,0.75,0.25,43.71,191.7,810.3,951.3,likely_quiet
asr_final_20260809_194110_117.wav,2.96,16000,0.082959,0.5821,0.0,0.8163,0.1837,46.5,-246.7,848.4,1015.9,likely_quiet
asr_final_20260809_194138_434.wav,2.816,16000,0.073249,0.4818,0.0,0.6464,0.3536,22.52,198.0,659.4,812.5,likely_quiet
asr_final_20260809_194405_713.wav,2.96,16000,0.075312,0.533,0.0,0.8537,0.1463,84.1,,696.8,822.0,likely_quiet
asr_final_20260809_194450_676.wav,2.96,16000,0.069188,0.6123,0.0,0.7959,0.2041,64.87,-422.2,846.8,1024.7,likely_quiet
asr_final_20260809_194527_559.wav,2.96,16000,0.080155,0.5913,0.0,0.8129,0.1871,55.39,-262.3,863.8,1023.3,likely_quiet
asr_final_20260809_194641_238.wav,2.96,16000,0.076997,0.6412,0.0,0.8095,0.1905,62.66,-75.2,866.7,1021.6,likely_quiet
asr_final_20260809_194718_180.wav,2.56,16000,0.084575,0.5961,0.0,0.6181,0.3819,18.97,81.7,822.1,985.5,likely_farfield_or_muffled
asr_final_20260809_195039_878.wav,2.96,16000,0.086567,0.7598,0.0,0.6667,0.3333,13.33,33.6,626.6,1135.5,likely_farfield_or_muffled
asr_final_20260809_195050_606.wav,2.96,16000,0.07709,0.5457,0.0,0.8912,0.1088,78.16,,669.2,814.9,likely_quiet
asr_final_20260809_195135_713.wav,2.96,16000,0.07763,0.5622,0.0,0.8537,0.1463,64.3,-364.6,857.3,1017.2,likely_quiet
asr_final_20260809_195545_072.wav,2.96,16000,0.082745,0.5451,0.0,0.7041,0.2959,26.55,145.3,688.1,816.2,likely_quiet
asr_final_20260809_195547_860.wav,2.56,16000,0.063917,0.8744,0.0,0.815,0.185,67.55,-299.2,821.8,1117.2,likely_quiet
asr_final_20260809_195658_432.wav,2.96,16000,0.074815,0.5198,0.0,0.881,0.119,66.92,362.3,690.1,814.2,likely_quiet
asr_final_20260809_195743_629.wav,2.96,16000,0.074089,0.5502,0.0,0.7891,0.2109,41.87,-304.3,858.9,1020.9,likely_quiet
asr_final_20260809_195849_168.wav,3.216,16000,0.074384,0.5635,0.0,0.6656,0.3344,29.18,186.9,659.1,813.4,likely_quiet
asr_final_20260809_195857_060.wav,2.96,16000,0.07243,0.5884,0.0,0.8027,0.1973,45.5,-375.0,883.8,1107.8,likely_quiet
asr_final_20260809_200010_447.wav,2.96,16000,0.072952,0.571,0.0,0.8333,0.1667,67.02,715.0,854.1,1106.4,likely_quiet
asr_final_20260809_200112_437.wav,2.96,16000,0.051412,0.5172,0.0,0.7823,0.2177,41.8,-375.7,815.1,946.3,likely_quiet
asr_final_20260809_200116_044.wav,2.96,16000,0.0709,0.5036,0.0,0.8741,0.1259,58.89,-30.4,685.2,815.9,likely_quiet
asr_final_20260809_200152_837.wav,2.96,16000,0.073352,0.5237,0.0,0.7653,0.2347,30.68,184.4,668.4,815.5,likely_quiet
asr_final_20260809_200229_541.wav,2.96,16000,0.084412,0.6217,0.0,0.8197,0.1803,50.48,122.8,709.3,819.6,likely_quiet
asr_final_20260809_200237_939.wav,2.96,16000,0.079211,0.5496,0.0,0.8469,0.1531,65.41,-598.1,854.2,1020.6,likely_quiet
asr_final_20260809_200342_925.wav,2.816,16000,0.079987,0.568,0.0,0.8679,0.1321,68.88,242.9,707.9,816.4,likely_quiet
asr_final_20260809_200346_044.wav,2.816,16000,0.05937,0.8019,0.0,0.8214,0.1786,62.27,-75.1,813.8,1061.4,likely_quiet
asr_final_20260809_200700_101.wav,2.96,16000,0.077394,0.7994,0.0,0.8231,0.1769,68.22,-369.5,842.6,1059.8,likely_quiet
asr_final_20260809_200723_888.wav,2.816,16000,0.074582,0.4963,0.0,0.7786,0.2214,31.07,113.1,697.4,813.9,likely_quiet
asr_final_20260809_200826_838.wav,2.96,16000,0.059301,0.6174,0.0,0.6837,0.3163,26.89,98.0,658.9,995.6,likely_quiet
asr_final_20260809_200914_192.wav,2.96,16000,0.077646,0.5558,0.0,0.568,0.432,22.11,131.0,707.7,816.9,likely_quiet
asr_final_20260809_201027_646.wav,2.96,16000,0.071517,0.5175,0.0,0.8537,0.1463,77.6,,715.9,821.6,likely_quiet
asr_final_20260809_201036_191.wav,2.96,16000,0.079299,0.5848,0.0,0.8197,0.1803,55.63,-190.3,867.5,1056.1,likely_quiet
asr_final_20260809_201104_579.wav,2.96,16000,0.071221,0.4966,0.0,0.881,0.119,56.67,370.2,677.9,813.5,likely_quiet
asr_final_20260809_201141_155.wav,2.96,16000,0.075399,0.5179,0.0,0.8299,0.1701,66.83,404.9,718.3,823.6,likely_quiet
asr_final_20260809_201144_195.wav,2.816,16000,0.055684,0.7313,0.0,0.8429,0.1571,61.73,-263.0,788.0,1058.6,likely_quiet
asr_final_20260809_201254_855.wav,2.96,16000,0.067541,0.4672,0.0,0.7891,0.2109,30.81,160.1,681.2,813.2,likely_quiet
asr_final_20260809_201339_885.wav,2.816,16000,0.074673,0.5533,0.0,0.8536,0.1464,43.16,-149.8,854.9,1015.6,likely_quiet
asr_final_20260809_201522_035.wav,2.96,16000,0.078011,0.5284,0.0,0.8673,0.1327,78.48,,690.9,815.9,likely_quiet
asr_final_20260809_201635_630.wav,2.96,16000,0.085083,0.5959,0.0,0.8469,0.1531,85.11,,741.4,847.6,likely_quiet
asr_final_20260809_201644_023.wav,2.96,16000,0.087884,0.6998,0.0,0.8912,0.1088,73.66,,651.9,944.3,likely_quiet
asr_final_20260809_201646_831.wav,2.56,16000,0.081652,0.6747,0.0,0.4724,0.5276,9.66,-5.4,497.2,911.3,likely_farfield_or_muffled
asr_final_20260809_201712_355.wav,2.96,16000,0.061961,0.4455,0.0,0.7415,0.2585,31.17,44.0,701.0,816.2,likely_quiet
asr_final_20260809_201757_545.wav,2.96,16000,0.066864,0.5001,0.0,0.7993,0.2007,47.77,-107.8,864.5,1029.7,likely_quiet
asr_final_20260809_201825_944.wav,2.96,16000,0.069475,0.494,0.0,0.8571,0.1429,97.3,,699.3,819.3,likely_quiet
asr_final_20260809_201947_862.wav,2.96,16000,0.071362,0.5512,0.0,0.8265,0.1735,64.64,-212.4,870.8,1021.6,likely_quiet
asr_final_20260809_202129_701.wav,2.96,16000,0.077505,0.5551,0.0,0.7313,0.2687,36.18,181.8,722.5,832.4,likely_quiet
asr_final_20260809_202202_990.wav,2.96,16000,0.062181,0.6644,0.0,0.7891,0.2109,29.94,168.2,807.6,938.5,likely_quiet
asr_final_20260809_202206_519.wav,2.96,16000,0.077149,0.5321,0.0,0.8605,0.1395,47.69,254.9,704.4,819.9,likely_quiet
asr_final_20260809_202251_622.wav,2.96,16000,0.077237,0.6235,0.0,0.8367,0.1633,66.27,-114.1,855.7,1019.9,likely_quiet
asr_final_20260809_202320_104.wav,2.96,16000,0.071347,0.5013,0.0,0.8571,0.1429,68.69,397.8,701.0,815.9,likely_quiet
asr_final_20260809_202328_523.wav,2.96,16000,0.080314,0.6213,0.0,0.8367,0.1633,44.33,-206.3,848.0,1014.9,likely_quiet
asr_final_20260809_202356_902.wav,2.96,16000,0.070741,0.4875,0.0,0.7347,0.2653,26.69,107.4,675.5,814.2,likely_quiet
asr_final_20260809_202433_552.wav,2.96,16000,0.075583,0.5483,0.0,0.8435,0.1565,65.45,459.3,720.9,818.9,likely_quiet
asr_final_20260809_202623_871.wav,2.56,16000,0.076758,0.485,0.0,0.5197,0.4803,18.92,185.0,646.0,810.5,likely_farfield_or_muffled
asr_final_20260809_202657_388.wav,2.96,16000,0.058691,0.6031,0.0,0.881,0.119,66.49,-348.5,814.5,1040.5,likely_quiet
asr_final_20260809_202700_916.wav,2.96,16000,0.080984,0.5905,0.0,0.6769,0.3231,28.04,-32.0,705.6,821.3,likely_quiet
asr_final_20260809_202703_792.wav,2.56,16000,0.066054,0.7057,0.0,0.5709,0.4291,14.17,164.1,765.0,1054.3,likely_farfield_or_muffled
asr_final_20260809_202746_034.wav,2.96,16000,0.081275,0.6568,0.0,0.8401,0.1599,66.91,-533.3,862.9,1020.6,likely_quiet
asr_final_20260809_202859_781.wav,3.072,16000,0.082655,0.6075,0.0,0.8459,0.1541,51.08,-273.2,841.2,1016.0,likely_quiet
asr_final_20260809_202927_876.wav,2.96,16000,0.072326,0.5683,0.0,0.8537,0.1463,78.15,,716.8,819.6,likely_quiet
asr_final_20260809_203001_156.wav,2.96,16000,0.055122,0.5826,0.0,0.7789,0.2211,31.79,175.9,772.9,889.5,likely_quiet
asr_final_20260809_203004_678.wav,2.96,16000,0.072703,0.511,0.0,0.6429,0.3571,24.31,119.1,680.7,814.9,likely_quiet
asr_final_20260809_203037_789.wav,2.96,16000,0.057361,0.5764,0.0,0.7245,0.2755,31.95,176.6,747.9,816.9,likely_quiet
asr_final_20260809_203049_872.wav,2.96,16000,0.074311,0.5735,0.0,0.8435,0.1565,53.71,-22.0,864.4,1041.9,likely_quiet
asr_final_20260809_203118_275.wav,2.96,16000,0.071835,0.5428,0.0,0.8673,0.1327,78.39,,699.3,816.6,likely_quiet
asr_final_20260809_203155_074.wav,2.96,16000,0.073218,0.497,0.0,0.7891,0.2109,35.75,124.5,678.6,813.5,likely_quiet
asr_final_20260809_203240_131.wav,2.96,16000,0.068817,0.5383,0.0,0.8333,0.1667,62.2,-346.9,857.8,1017.6,likely_quiet
asr_final_20260809_203308_580.wav,2.96,16000,0.074114,0.5028,0.0,0.8776,0.1224,68.56,343.7,681.8,814.2,likely_quiet
asr_final_20260809_203422_273.wav,3.216,16000,0.076349,0.5571,0.0,0.8688,0.1312,68.08,,686.4,815.6,likely_quiet
asr_final_20260809_203507_150.wav,2.96,16000,0.071304,0.5405,0.0,0.8197,0.1803,63.49,-118.9,868.7,1098.3,likely_quiet
asr_final_20260809_203543_876.wav,2.96,16000,0.080389,0.6302,0.0,0.8129,0.1871,59.22,-209.7,880.8,1038.9,likely_quiet
asr_final_20260809_203612_431.wav,2.96,16000,0.074161,0.5054,0.0,0.8741,0.1259,81.49,,695.7,816.9,likely_quiet
asr_final_20260809_203802_746.wav,2.56,16000,0.075935,0.4831,0.0,0.5236,0.4764,17.95,-28.0,628.9,809.4,likely_farfield_or_muffled
asr_final_20260809_203916_433.wav,2.96,16000,0.068179,0.4913,0.0,0.8673,0.1327,67.11,,708.4,816.6,likely_quiet
asr_final_20260809_204001_786.wav,2.96,16000,0.079726,0.6366,0.0,0.8129,0.1871,67.08,-219.5,884.5,1107.8,likely_quiet
asr_final_20260809_204107_060.wav,2.96,16000,0.072918,0.4999,0.0,0.8844,0.1156,81.04,,695.8,814.5,likely_quiet
asr_final_20260809_204139_060.wav,2.96,16000,0.059769,0.6259,0.0,0.8571,0.1429,60.8,215.3,828.4,974.3,likely_quiet
asr_final_20260809_204152_286.wav,2.96,16000,0.075279,0.5705,0.0,0.8401,0.1599,67.76,-306.4,854.7,1021.6,likely_quiet
asr_final_20260809_204220_685.wav,2.96,16000,0.077012,0.5482,0.0,0.8707,0.1293,75.46,432.7,702.0,817.6,likely_quiet
asr_final_20260809_204257_566.wav,2.96,16000,0.065133,0.5264,0.0,0.8503,0.1497,41.92,215.1,599.8,807.8,likely_quiet
asr_final_20260809_204300_436.wav,2.56,16000,0.060578,0.8233,0.0,0.8071,0.1929,71.45,-479.2,807.7,1110.9,likely_quiet
asr_final_20260809_204334_272.wav,2.96,16000,0.075218,0.5284,0.0,0.8197,0.1803,67.71,-20.0,709.0,819.3,likely_quiet
asr_final_20260809_204337_245.wav,2.816,16000,0.087065,0.904,0.0,0.7821,0.2179,23.84,219.4,688.6,942.1,likely_quiet
asr_final_20260809_204411_076.wav,2.96,16000,0.07856,0.5387,0.0,0.8912,0.1088,94.94,,684.4,815.9,likely_quiet
asr_final_20260809_204524_585.wav,2.96,16000,0.075137,0.5349,0.0,0.8707,0.1293,98.11,,690.1,818.9,likely_quiet
asr_final_20260809_204646_513.wav,2.96,16000,0.073015,0.5674,0.0,0.8299,0.1701,64.68,-548.1,830.2,1014.2,likely_quiet
asr_final_20260809_204759_875.wav,2.96,16000,0.085012,0.6259,0.0,0.8197,0.1803,61.11,-272.8,840.7,1014.9,likely_quiet
asr_final_20260809_204905_155.wav,2.96,16000,0.0744,0.5247,0.0,0.8844,0.1156,56.33,400.8,681.6,813.9,likely_quiet
asr_final_20260809_204908_039.wav,2.56,16000,0.059443,0.8057,0.0,0.8031,0.1969,66.62,-374.3,836.4,1063.7,likely_quiet
asr_final_20260809_204913_474.wav,2.96,16000,0.067895,0.5316,0.0,0.8231,0.1769,64.61,-7.9,851.9,1019.9,likely_quiet
asr_final_20260809_204950_265.wav,2.96,16000,0.076685,0.5845,0.0,0.8401,0.1599,60.07,-269.3,865.4,1019.6,likely_quiet
asr_final_20260809_205018_926.wav,3.216,16000,0.07887,0.5569,0.0,0.8844,0.1156,88.53,,664.8,813.4,likely_quiet
asr_final_20260809_205132_128.wav,2.96,16000,0.076599,0.5045,0.0,0.8503,0.1497,83.57,,716.0,824.3,likely_quiet
asr_final_20260809_205140_848.wav,3.216,16000,0.080174,0.6297,0.0,0.85,0.15,53.57,-177.3,835.9,1014.0,likely_quiet
asr_final_20260809_205208_994.wav,2.96,16000,0.08552,0.6208,0.0,0.8844,0.1156,78.39,,684.3,814.5,likely_quiet
asr_final_20260809_205217_220.wav,2.56,16000,0.083628,0.604,0.0,0.8543,0.1457,33.45,-117.5,864.5,1015.6,likely_quiet
asr_final_20260809_205254_114.wav,2.96,16000,0.079456,0.6244,0.0,0.8197,0.1803,68.48,-110.3,863.3,1018.2,likely_quiet
asr_final_20260809_205322_445.wav,2.96,16000,0.071095,0.4923,0.0,0.8605,0.1395,78.34,,699.0,816.6,likely_quiet
asr_final_20260809_205359_384.wav,2.96,16000,0.074896,0.549,0.0,0.8912,0.1088,61.65,359.1,676.7,812.8,likely_quiet
asr_final_20260809_205402_194.wav,2.56,16000,0.06002,0.7727,0.0,0.7677,0.2323,71.58,-321.5,918.4,1455.1,likely_quiet
asr_final_20260809_205435_875.wav,2.96,16000,0.077274,0.5445,0.0,0.8435,0.1565,69.47,,714.1,819.6,likely_quiet
asr_final_20260809_205444_442.wav,2.96,16000,0.077081,0.5889,0.0,0.8265,0.1735,55.33,-386.6,841.4,1014.9,likely_quiet
asr_final_20260809_205626_591.wav,3.216,16000,0.066157,0.5241,0.0,0.8688,0.1312,86.1,,678.8,815.0,likely_quiet
asr_final_20260809_205634_675.wav,2.96,16000,0.078083,0.5605,0.0,0.8401,0.1599,60.86,-250.9,857.4,1018.2,likely_quiet
asr_final_20260809_205703_079.wav,2.96,16000,0.07508,0.5596,0.0,0.881,0.119,51.47,304.5,681.2,813.5,likely_quiet
asr_final_20260809_205711_327.wav,2.96,16000,0.063418,0.4913,0.0,0.8061,0.1939,64.59,401.3,847.5,1053.0,likely_quiet
asr_final_20260809_205739_801.wav,2.96,16000,0.082113,0.6097,0.0,0.8333,0.1667,69.75,,713.6,822.6,likely_quiet
asr_final_20260809_205742_755.wav,2.816,16000,0.057912,0.7722,0.0,0.8321,0.1679,59.48,80.1,816.2,1077.8,likely_quiet
asr_final_20260809_205748_275.wav,2.96,16000,0.08528,0.6504,0.0,0.8537,0.1463,59.81,109.7,853.1,1017.6,likely_quiet
asr_final_20260809_205853_715.wav,2.96,16000,0.077981,0.5575,0.0,0.7585,0.2415,28.81,54.1,679.1,813.9,likely_quiet
asr_final_20260809_205901_877.wav,2.96,16000,0.076457,0.6017,0.0,0.8163,0.1837,65.17,-438.3,870.0,1054.7,likely_quiet
asr_final_20260809_205930_275.wav,2.96,16000,0.078527,0.5784,0.0,0.8503,0.1497,56.27,312.4,700.7,815.9,likely_quiet
asr_final_20260809_205938_825.wav,2.96,16000,0.090545,0.6946,0.0,0.8299,0.1701,57.0,-77.4,835.1,1003.0,likely_quiet
asr_final_20260809_205943_702.wav,3.216,16000,0.079736,0.8333,0.0,0.8531,0.1469,66.34,-596.7,828.9,1061.3,likely_quiet
asr_final_20260809_210002_102.wav,2.96,16000,0.069246,0.8654,0.0,0.6531,0.3469,34.29,-5.7,842.9,1052.4,likely_quiet
asr_final_20260809_210120_981.wav,2.96,16000,0.066654,0.4731,0.0,0.8707,0.1293,66.35,,697.1,814.5,likely_quiet
asr_final_20260809_210234_373.wav,2.96,16000,0.070405,0.5073,0.0,0.8469,0.1531,67.69,,708.1,816.6,likely_quiet
asr_final_20260809_210242_906.wav,2.96,16000,0.072224,0.5393,0.0,0.8469,0.1531,64.83,-471.7,869.9,1021.3,likely_quiet
asr_final_20260809_210356_355.wav,2.96,16000,0.081206,0.614,0.0,0.8231,0.1769,67.22,-271.5,860.7,1021.6,likely_quiet
asr_final_20260809_210424_752.wav,2.96,16000,0.075908,0.554,0.0,0.8571,0.1429,66.84,450.2,697.6,815.5,likely_quiet
asr_final_20260809_210611_476.wav,2.96,16000,0.049041,0.5585,0.0,0.8129,0.1871,63.43,378.2,784.7,917.2,likely_quiet
asr_final_20260809_210614_996.wav,2.96,16000,0.067621,0.4818,0.0,0.8776,0.1224,72.86,,692.7,817.9,likely_quiet
asr_final_20260809_210651_874.wav,2.96,16000,0.078197,0.5468,0.0,0.7687,0.2313,28.05,173.5,661.8,814.2,likely_quiet
asr_final_20260809_210654_743.wav,2.56,16000,0.058669,0.8318,0.0,0.8031,0.1969,65.25,-564.5,885.8,1151.2,likely_quiet
asr_final_20260809_210700_195.wav,2.96,16000,0.074096,0.6078,0.0,0.8095,0.1905,60.41,-433.5,884.1,1084.5,likely_quiet
asr_final_20260809_210728_584.wav,2.96,16000,0.075565,0.5567,0.0,0.8605,0.1395,91.65,,700.6,816.6,likely_quiet
asr_final_20260809_210805_465.wav,2.96,16000,0.072701,0.5124,0.0,0.8912,0.1088,87.45,,674.4,814.2,likely_quiet
asr_final_20260809_210813_568.wav,2.96,16000,0.066512,0.5109,0.0,0.8163,0.1837,62.64,169.6,861.6,1055.7,likely_quiet
asr_final_20260809_210838_353.wav,2.96,16000,0.053795,0.6367,0.0,0.7313,0.2687,54.23,-184.8,799.5,940.9,likely_quiet
asr_final_20260809_210841_956.wav,2.96,16000,0.075957,0.5727,0.0,0.8367,0.1633,89.48,,708.6,818.6,likely_quiet
asr_final_20260809_210845_385.wav,3.072,16000,0.053423,0.8144,0.0,0.8295,0.1705,63.72,-210.3,939.1,1691.1,likely_quiet
asr_final_20260809_210918_907.wav,2.96,16000,0.074895,0.535,0.0,0.8673,0.1327,68.36,389.4,693.7,816.2,likely_quiet
asr_final_20260809_210955_795.wav,2.96,16000,0.078369,0.5542,0.0,0.8299,0.1701,41.13,6.4,679.0,814.2,likely_quiet
asr_final_20260809_210958_581.wav,2.56,16000,0.060986,0.7558,0.0,0.8189,0.1811,65.7,-545.4,789.5,1078.9,likely_quiet
asr_final_20260809_211003_945.wav,2.96,16000,0.071318,0.5436,0.0,0.8129,0.1871,67.87,-82.2,863.5,1041.6,likely_quiet
asr_final_20260809_211040_831.wav,2.96,16000,0.074123,0.5668,0.0,0.8367,0.1633,64.53,-598.0,867.0,1019.6,likely_quiet
asr_final_20260809_211109_223.wav,2.96,16000,0.069001,0.4713,0.0,0.881,0.119,97.38,,707.7,837.8,likely_quiet
asr_final_20260809_211222_678.wav,2.96,16000,0.064558,0.4624,0.0,0.8571,0.1429,69.29,394.4,708.4,826.0,likely_quiet
asr_final_20260809_211413_065.wav,2.96,16000,0.080664,0.5775,0.0,0.8707,0.1293,95.78,,700.9,816.6,likely_quiet
asr_final_20260809_211534_993.wav,2.96,16000,0.084578,0.6379,0.0,0.8265,0.1735,45.87,-160.9,850.8,1016.6,likely_quiet
asr_final_20260809_211603_399.wav,2.96,16000,0.086984,0.6353,0.0,0.8844,0.1156,68.66,,667.8,813.5,likely_quiet
asr_final_20260809_211606_182.wav,2.56,16000,0.065721,0.9105,0.0,0.815,0.185,62.73,-383.2,769.9,1048.0,likely_quiet
asr_final_20260809_211611_547.wav,2.96,16000,0.0799,0.6013,0.0,0.7891,0.2109,64.73,-218.6,842.7,1023.0,likely_quiet
asr_final_20260809_211639_876.wav,2.816,16000,0.090435,0.6741,0.0,0.8679,0.1321,61.72,399.4,700.1,816.4,likely_quiet
asr_final_20260809_211642_996.wav,2.816,16000,0.064032,0.9088,0.0,0.7714,0.2286,62.89,-277.0,844.8,1102.6,likely_quiet
asr_final_20260809_211716_826.wav,2.96,16000,0.075707,0.5284,0.0,0.8605,0.1395,93.08,,709.8,821.3,likely_quiet
asr_final_20260809_211830_595.wav,2.96,16000,0.076122,0.566,0.0,0.8469,0.1531,67.75,,719.8,821.6,likely_quiet
asr_final_20260809_211907_395.wav,2.96,16000,0.074004,0.537,0.0,0.881,0.119,95.4,,692.5,814.9,likely_quiet
asr_final_20260809_212020_838.wav,2.96,16000,0.076559,0.5476,0.0,0.8605,0.1395,97.66,,696.4,815.9,likely_quiet
asr_final_20260809_212256_505.wav,2.96,16000,0.075754,0.5601,0.0,0.8265,0.1735,70.68,-323.3,861.7,1024.7,likely_quiet
asr_final_20260809_212324_990.wav,2.96,16000,0.077024,0.5437,0.0,0.8571,0.1429,68.48,347.0,685.2,814.9,likely_quiet
asr_final_20260809_212401_786.wav,2.96,16000,0.069242,0.498,0.0,0.8639,0.1361,50.76,123.1,686.0,813.9,likely_quiet
asr_final_20260809_212628_676.wav,2.96,16000,0.076366,0.5139,0.0,0.8605,0.1395,86.54,,708.5,819.3,likely_quiet
asr_final_20260809_212705_556.wav,2.96,16000,0.073136,0.5055,0.0,0.8946,0.1054,97.81,,680.5,813.9,likely_quiet
asr_final_20260809_212713_784.wav,2.96,16000,0.070254,0.5222,0.0,0.8027,0.1973,64.54,-261.8,880.9,1115.2,likely_quiet
asr_final_20260809_212738_675.wav,2.56,16000,0.060071,0.5869,0.0,0.4961,0.5039,19.51,73.2,820.0,941.0,likely_farfield_or_muffled
asr_final_20260809_212750_663.wav,2.96,16000,0.078289,0.5999,0.0,0.8537,0.1463,65.11,-4.0,846.2,1015.9,likely_quiet
asr_final_20260809_212819_381.wav,3.216,16000,0.073861,0.5743,0.0,0.7844,0.2156,34.99,9.1,673.5,813.7,likely_quiet
asr_final_20260809_213009_940.wav,3.072,16000,0.071348,0.5392,0.0,0.718,0.282,29.2,157.0,642.8,811.2,likely_quiet
asr_final_20260809_213017_862.wav,2.96,16000,0.063725,0.4796,0.0,0.6361,0.3639,23.63,126.3,809.7,978.4,likely_quiet
asr_final_20260809_213041_471.wav,2.96,16000,0.067257,0.7679,0.0,0.7245,0.2755,66.73,-391.0,831.0,973.6,likely_quiet
asr_final_20260809_213046_206.wav,2.816,16000,0.075947,0.5326,0.0,0.875,0.125,58.73,346.8,729.9,824.2,likely_quiet
asr_final_20260809_213049_325.wav,2.816,16000,0.055982,0.7837,0.0,0.8286,0.1714,67.39,28.3,810.6,1099.4,likely_quiet
asr_final_20260809_213054_743.wav,2.96,16000,0.081341,0.6125,0.0,0.881,0.119,63.52,284.2,864.4,1021.3,likely_quiet
asr_final_20260809_213123_377.wav,2.56,16000,0.076371,0.5985,0.0,0.5472,0.4528,20.96,70.7,588.8,802.0,likely_quiet
asr_final_20260809_213131_556.wav,2.96,16000,0.083112,0.5992,0.0,0.8435,0.1565,46.68,-117.4,844.9,1015.9,likely_quiet
asr_final_20260809_213208_182.wav,2.96,16000,0.079787,0.5874,0.0,0.8163,0.1837,64.42,-185.0,861.0,1057.8,likely_quiet
asr_final_20260809_213528_686.wav,2.96,16000,0.064696,0.6818,0.0,0.7755,0.2245,50.18,-269.7,899.1,1098.0,likely_quiet
asr_final_20260809_213549_144.wav,2.96,16000,0.089071,0.7029,0.0,0.7993,0.2007,34.35,232.5,861.7,1021.3,likely_quiet
asr_final_20260809_213617_539.wav,2.96,16000,0.075916,0.5297,0.0,0.8912,0.1088,68.23,,691.7,814.9,likely_quiet
asr_final_20260809_213625_645.wav,2.96,16000,0.064913,0.4983,0.0,0.8027,0.1973,62.66,-342.0,874.8,1089.2,likely_quiet
asr_final_20260809_213727_472.wav,2.96,16000,0.054383,0.5424,0.0,0.8367,0.1633,63.18,-511.0,772.8,926.7,likely_quiet
asr_final_20260809_213730_926.wav,2.96,16000,0.078465,0.5713,0.0,0.881,0.119,77.4,-282.5,674.0,813.9,likely_quiet
asr_final_20260809_213807_872.wav,2.96,16000,0.075478,0.5499,0.0,0.7585,0.2415,29.31,170.7,653.6,812.2,likely_quiet
asr_final_20260809_213816_342.wav,3.216,16000,0.076495,0.609,0.0,0.8438,0.1562,61.26,431.3,881.5,1054.4,likely_quiet
asr_final_20260809_213852_919.wav,2.96,16000,0.071215,0.5343,0.0,0.8401,0.1599,64.95,-453.6,880.0,1038.2,likely_quiet
asr_final_20260809_213921_631.wav,3.072,16000,0.071475,0.4962,0.0,0.7148,0.2852,26.75,89.5,650.8,812.2,likely_quiet
asr_final_20260809_213957_942.wav,2.96,16000,0.079836,0.624,0.0,0.8299,0.1701,90.2,,721.0,819.3,likely_quiet
asr_final_20260809_214001_323.wav,3.072,16000,0.057124,0.7963,0.0,0.8557,0.1443,68.23,93.4,885.0,1140.3,likely_quiet
asr_final_20260809_214006_365.wav,2.96,16000,0.083162,0.635,0.0,0.8333,0.1667,59.45,306.7,868.7,1052.7,likely_quiet
asr_final_20260809_214010_915.wav,2.96,16000,0.088995,0.8734,0.0,0.8163,0.1837,66.55,-361.5,828.3,1058.4,likely_quiet
asr_final_20260809_214111_716.wav,2.96,16000,0.082229,0.5724,0.0,0.8912,0.1088,57.42,375.7,688.2,815.2,likely_quiet
asr_final_20260809_214114_520.wav,2.56,16000,0.0638,0.8114,0.0,0.8189,0.1811,63.34,208.1,787.4,1061.7,likely_quiet
asr_final_20260809_214119_880.wav,2.96,16000,0.072775,0.5858,0.0,0.8095,0.1905,65.06,-189.3,853.8,1020.6,likely_quiet
asr_final_20260809_214148_260.wav,2.96,16000,0.072428,0.5173,0.0,0.8503,0.1497,64.48,-100.8,724.5,821.3,likely_quiet
asr_final_20260809_214151_315.wav,2.816,16000,0.056994,0.746,0.0,0.7786,0.2214,65.02,-308.3,858.8,1117.9,likely_quiet
asr_final_20260809_214156_743.wav,2.96,16000,0.073979,0.5561,0.0,0.8299,0.1701,54.37,-141.0,858.6,1018.9,likely_quiet
asr_final_20260809_214225_141.wav,2.96,16000,0.071566,0.6336,0.0,0.8741,0.1259,94.98,,694.3,817.9,likely_quiet
asr_final_20260809_214302_034.wav,2.96,16000,0.076812,0.5519,0.0,0.7347,0.2653,29.47,153.8,684.2,813.9,likely_quiet
asr_final_20260809_214304_833.wav,2.56,16000,0.064727,0.8805,0.0,0.811,0.189,67.08,155.9,778.6,1097.7,likely_quiet
asr_final_20260809_214525_380.wav,2.96,16000,0.0632,0.5926,0.0,0.8231,0.1769,57.86,725.2,752.0,883.8,likely_quiet
asr_final_20260809_214528_927.wav,2.96,16000,0.081244,0.5761,0.0,0.8707,0.1293,79.38,,725.1,820.3,likely_quiet
asr_final_20260809_214832_755.wav,2.96,16000,0.077395,0.5753,0.0,0.8605,0.1395,69.66,,713.8,822.6,likely_quiet
asr_final_20260809_214841_220.wav,2.96,16000,0.083056,0.6265,0.0,0.7925,0.2075,32.28,175.7,851.8,1017.6,likely_quiet
asr_final_20260809_214909_619.wav,2.96,16000,0.074605,0.5136,0.0,0.8878,0.1122,55.82,356.3,678.3,814.2,likely_quiet
asr_final_20260809_215023_303.wav,2.96,16000,0.071881,0.5481,0.0,0.881,0.119,96.7,,698.7,814.2,likely_quiet
asr_final_20260809_215251_235.wav,2.816,16000,0.088309,0.8963,0.0,0.5643,0.4357,22.78,82.2,610.7,805.0,likely_quiet
asr_final_20260809_215327_327.wav,2.816,16000,0.076184,0.5298,0.0,0.6536,0.3464,20.6,182.2,676.1,813.2,likely_quiet
asr_final_20260809_215441_139.wav,2.96,16000,0.085727,0.664,0.0,0.5952,0.4048,22.88,148.1,656.3,811.5,likely_quiet
asr_final_20260809_215517_648.wav,2.816,16000,0.08173,0.554,0.0,0.5893,0.4107,21.78,20.2,672.9,813.6,likely_quiet
asr_final_20260809_215520_582.wav,2.56,16000,0.06215,0.8805,0.0,0.7992,0.2008,65.2,-437.2,839.1,1128.5,likely_quiet
asr_final_20260809_215525_977.wav,2.96,16000,0.072644,0.5848,0.0,0.8265,0.1735,64.15,197.3,872.4,1051.4,likely_quiet
asr_final_20260809_215554_356.wav,2.96,16000,0.070881,0.5011,0.0,0.8503,0.1497,80.71,,724.5,819.3,likely_quiet
asr_final_20260809_215830_046.wav,2.96,16000,0.076306,0.5948,0.0,0.8095,0.1905,59.13,-108.5,874.4,1101.4,likely_quiet
asr_final_20260809_215858_422.wav,2.96,16000,0.071524,0.5051,0.0,0.8469,0.1531,85.58,,721.8,831.8,likely_quiet
asr_final_20260809_215935_309.wav,2.96,16000,0.067589,0.4622,0.0,0.8776,0.1224,75.99,,698.5,815.2,likely_quiet
asr_final_20260809_220020_353.wav,2.96,16000,0.070424,0.5405,0.0,0.8741,0.1259,71.66,,857.0,1039.2,likely_quiet
asr_final_20260809_220048_751.wav,2.96,16000,0.069142,0.4686,0.0,0.8537,0.1463,51.41,-57.5,717.1,822.0,likely_quiet
asr_final_20260809_220120_448.wav,2.96,16000,0.065421,0.7583,0.0,0.7313,0.2687,41.38,-89.0,833.3,1052.4,likely_quiet
asr_final_20260809_220125_566.wav,2.96,16000,0.072307,0.509,0.0,0.8605,0.1395,53.83,80.1,693.4,815.9,likely_quiet
asr_final_20260809_220150_423.wav,2.96,16000,0.095234,0.9481,0.0,0.5272,0.4728,25.07,97.1,980.9,1110.8,likely_quiet
asr_final_20260809_220235_470.wav,2.96,16000,0.057232,0.447,0.0,0.7381,0.2619,28.09,162.2,707.3,851.4,likely_quiet
asr_final_20260809_220247_782.wav,3.216,16000,0.075948,0.6015,0.0,0.6219,0.3781,19.18,65.6,840.1,1010.0,likely_farfield_or_muffled
asr_final_20260809_220315_965.wav,2.96,16000,0.074522,0.5485,0.0,0.7755,0.2245,33.84,235.5,702.2,814.9,likely_quiet
asr_final_20260809_220318_744.wav,2.56,16000,0.062517,0.8087,0.0,0.8189,0.1811,67.71,-399.8,858.1,1118.8,likely_quiet
asr_final_20260809_220429_622.wav,2.96,16000,0.074841,0.5299,0.0,0.881,0.119,65.54,380.8,699.6,814.9,likely_quiet
asr_final_20260809_220506_275.wav,2.96,16000,0.077281,0.5429,0.0,0.8333,0.1667,71.3,,726.6,821.3,likely_quiet
asr_final_20260809_220509_236.wav,2.816,16000,0.059641,0.8525,0.0,0.825,0.175,66.74,286.8,930.4,1307.5,likely_quiet
asr_final_20260809_220543_077.wav,2.96,16000,0.075669,0.5436,0.0,0.8707,0.1293,72.81,410.8,717.8,816.6,likely_quiet
asr_final_20260809_220614_912.wav,2.96,16000,0.066823,0.6802,0.0,0.7313,0.2687,39.64,-52.4,824.0,1044.3,likely_quiet
asr_final_20260809_220656_582.wav,2.96,16000,0.078819,0.5385,0.0,0.8571,0.1429,92.0,,700.5,816.9,likely_quiet
asr_final_20260809_220705_063.wav,2.96,16000,0.075407,0.5753,0.0,0.8537,0.1463,64.29,-179.0,854.9,1016.6,likely_quiet
asr_final_20260809_220923_712.wav,2.96,16000,0.081794,0.5855,0.0,0.8129,0.1871,63.4,-768.3,638.7,812.5,likely_quiet
asr_final_20260809_221000_358.wav,2.96,16000,0.071541,0.538,0.0,0.8435,0.1565,77.66,468.5,707.8,819.3,likely_quiet
asr_final_20260809_221037_158.wav,2.96,16000,0.072299,0.5178,0.0,0.8776,0.1224,95.99,,716.0,830.7,likely_quiet
asr_final_20260809_221150_676.wav,2.96,16000,0.0751,0.5752,0.0,0.8435,0.1565,47.92,306.8,695.7,824.0,likely_quiet
asr_final_20260809_221227_635.wav,2.96,16000,0.071316,0.5257,0.0,0.8912,0.1088,64.94,386.4,698.8,823.6,likely_quiet
asr_final_20260809_221312_601.wav,2.96,16000,0.0607,0.5404,0.0,0.7959,0.2041,45.24,-220.7,760.6,947.0,likely_quiet
asr_final_20260809_221603_088.wav,2.96,16000,0.057486,0.6926,0.0,0.7755,0.2245,53.64,-285.6,807.0,963.9,likely_quiet
asr_final_20260809_221644_903.wav,2.96,16000,0.08036,0.6029,0.0,0.7449,0.2551,30.24,104.2,703.4,824.0,likely_quiet
asr_final_20260809_221753_465.wav,2.96,16000,0.06252,0.7771,0.0,0.7177,0.2823,49.47,-48.1,846.9,1048.3,likely_quiet
asr_final_20260809_221824_433.wav,2.96,16000,0.066587,0.6729,0.0,0.5782,0.4218,24.91,44.6,723.8,1092.6,likely_quiet
asr_final_20260809_221827_489.wav,2.816,16000,0.061097,0.5555,0.0,0.6357,0.3643,22.89,42.9,673.9,844.5,likely_quiet
asr_final_20260809_221948_657.wav,2.96,16000,0.067861,0.5023,0.0,0.8605,0.1395,73.62,,685.5,819.3,likely_quiet
asr_final_20260809_222025_717.wav,2.816,16000,0.076521,0.6115,0.0,0.5286,0.4714,20.87,10.5,653.7,812.1,likely_quiet
asr_final_20260809_222028_584.wav,2.56,16000,0.066785,0.8323,0.0,0.626,0.374,23.3,27.2,714.7,1018.4,likely_quiet
asr_final_20260809_222329_620.wav,2.96,16000,0.071859,0.5351,0.0,0.8673,0.1327,53.14,321.9,676.9,814.2,likely_quiet
asr_final_20260809_222414_680.wav,2.96,16000,0.077052,0.6331,0.0,0.8095,0.1905,69.91,-245.1,864.9,1018.2,likely_quiet
asr_final_20260809_222443_058.wav,2.96,16000,0.07007,0.5494,0.0,0.8639,0.1361,66.57,498.9,705.1,818.6,likely_quiet
asr_final_20260809_222556_448.wav,2.96,16000,0.069257,0.4832,0.0,0.8469,0.1531,65.62,393.9,703.3,815.5,likely_quiet
asr_final_20260809_222633_382.wav,2.96,16000,0.070208,0.4912,0.0,0.8878,0.1122,93.91,,699.0,814.2,likely_quiet
asr_final_20260809_222718_435.wav,2.96,16000,0.087432,0.7135,0.0,0.8469,0.1531,54.38,316.7,865.2,1026.4,likely_quiet
asr_final_20260809_222746_913.wav,2.96,16000,0.078851,0.6024,0.0,0.8639,0.1361,80.73,,698.2,816.2,likely_quiet
asr_final_20260809_222749_713.wav,2.56,16000,0.059089,0.9279,0.0,0.7441,0.2559,57.98,283.1,900.7,1088.3,likely_quiet
asr_final_20260809_222831_889.wav,2.96,16000,0.069827,0.6067,0.0,0.8197,0.1803,62.55,-46.2,877.2,1052.4,likely_quiet
asr_final_20260809_222933_567.wav,2.96,16000,0.064832,0.7059,0.0,0.7721,0.2279,28.66,150.0,812.9,955.4,likely_quiet
asr_final_20260809_222937_152.wav,2.96,16000,0.079359,0.5439,0.0,0.7449,0.2551,39.03,57.4,697.4,818.6,likely_quiet
asr_final_20260809_223045_783.wav,2.96,16000,0.06108,0.7194,0.0,0.7891,0.2109,46.59,10.2,830.8,1072.3,likely_quiet
asr_final_20260809_223243_715.wav,2.96,16000,0.06205,0.9856,0.0,0.4728,0.5272,56.8,-221.4,718.7,854.4,likely_quiet
asr_final_20260809_223305_544.wav,2.96,16000,0.081699,0.9778,0.0,0.8197,0.1803,34.99,121.0,938.0,1099.0,likely_quiet
asr_final_20260809_223533_473.wav,2.96,16000,0.096184,1.0,2.1e-05,0.5646,0.4354,42.4,4.3,877.3,1057.1,likely_quiet
asr_final_20260809_223624_500.wav,2.96,16000,0.082112,0.9843,0.0,0.7313,0.2687,58.49,-249.5,795.3,953.7,likely_quiet
asr_final_20260809_223848_512.wav,2.96,16000,0.056772,0.4198,0.0,0.8537,0.1463,63.7,389.3,714.2,816.6,likely_quiet
asr_final_20260809_223949_952.wav,2.96,16000,0.049338,0.735,0.0,0.6973,0.3027,60.11,156.3,1051.3,1078.7,likely_quiet
asr_final_20260809_224118_670.wav,2.96,16000,0.054584,0.7472,0.0,0.7517,0.2483,64.37,-418.3,773.8,1065.5,likely_quiet
asr_final_20260809_224152_358.wav,2.96,16000,0.065246,0.4705,0.0,0.7959,0.2041,51.11,297.1,710.1,822.0,likely_quiet
asr_final_20260809_224229_235.wav,2.96,16000,0.072112,0.4948,0.0,0.6973,0.3027,27.86,97.5,698.4,818.2,likely_quiet
asr_final_20260809_224342_742.wav,2.96,16000,0.061251,0.3959,0.0,0.8095,0.1905,50.57,237.8,726.6,818.9,likely_quiet
asr_final_20260809_224451_956.wav,2.96,16000,0.059828,0.7698,0.0,0.8265,0.1735,46.92,-527.3,839.4,1050.0,likely_quiet
asr_final_20260809_224456_449.wav,3.216,16000,0.063549,0.5105,0.0,0.7,0.3,35.33,-263.7,724.4,828.4,likely_quiet
asr_final_20260809_224723_954.wav,3.216,16000,0.066485,0.5049,0.0,0.6719,0.3281,26.81,103.6,673.9,813.4,likely_quiet
asr_final_20260809_224755_330.wav,2.96,16000,0.058674,0.7763,0.0,0.7959,0.2041,62.44,-293.4,815.0,1014.5,likely_quiet
asr_final_20260809_224808_741.wav,2.56,16000,0.087505,0.6884,0.0,0.685,0.315,21.78,87.9,830.6,1009.4,likely_quiet
asr_final_20260809_224837_080.wav,2.96,16000,0.073424,0.556,0.0,0.8673,0.1327,45.82,231.6,692.3,814.5,likely_quiet
asr_final_20260809_224908_848.wav,2.96,16000,0.060439,0.7433,0.0,0.619,0.381,31.98,65.7,820.6,1047.6,likely_quiet
asr_final_20260809_224947_313.wav,3.216,16000,0.050789,0.543,0.0,0.7719,0.2281,62.15,-155.0,817.0,954.9,likely_quiet
asr_final_20260809_225027_392.wav,2.96,16000,0.070292,0.4824,0.0,0.8537,0.1463,44.46,128.8,673.5,813.9,likely_quiet
asr_final_20260809_225137_386.wav,2.96,16000,0.05728,0.5262,0.0,0.5238,0.4762,21.15,15.2,789.7,948.0,likely_quiet
asr_final_20260809_225140_833.wav,2.96,16000,0.067992,0.4608,0.0,0.8776,0.1224,71.91,,694.1,815.9,likely_quiet
asr_final_20260809_225212_901.wav,2.96,16000,0.059453,0.7043,0.0,0.7007,0.2993,62.18,-198.6,844.8,1047.0,likely_quiet
asr_final_20260809_225254_660.wav,2.96,16000,0.062817,0.4192,0.0,0.8367,0.1633,53.75,293.6,699.4,819.9,likely_quiet
asr_final_20260809_225404_768.wav,2.96,16000,0.062999,0.5704,0.0,0.534,0.466,17.27,66.9,797.1,945.6,likely_farfield_or_muffled
asr_final_20260809_225409_875.wav,2.96,16000,0.072414,0.9667,0.0,0.7993,0.2007,62.1,-444.8,757.1,1059.8,likely_quiet
asr_final_20260809_225416_823.wav,2.96,16000,0.083241,0.6782,0.0,0.8027,0.1973,40.16,-25.7,857.1,1022.3,likely_quiet
asr_final_20260809_225708_515.wav,2.96,16000,0.058195,0.6212,0.0,0.8367,0.1633,63.58,-373.1,747.8,916.6,likely_quiet
asr_final_20260809_225712_130.wav,2.96,16000,0.078702,0.5533,0.0,0.8435,0.1565,77.7,,709.7,819.6,likely_quiet
asr_final_20260809_225715_552.wav,3.072,16000,0.058365,0.8782,0.0,0.8098,0.1902,61.54,-174.6,945.9,1309.6,likely_quiet
asr_final_20260809_225749_063.wav,2.96,16000,0.076043,0.5259,0.0,0.8571,0.1429,55.56,412.4,669.7,816.2,likely_quiet
asr_final_20260809_225751_860.wav,2.56,16000,0.063393,0.8204,0.0,0.815,0.185,52.01,-482.5,877.4,1094.1,likely_quiet
asr_final_20260809_225857_571.wav,2.96,16000,0.058557,0.6725,0.0,0.6769,0.3231,26.11,61.6,806.4,1032.1,likely_quiet
asr_final_20260809_225928_672.wav,2.96,16000,0.059727,0.5788,0.0,0.8503,0.1497,51.26,-89.0,702.5,1091.2,likely_quiet
asr_final_20260809_225931_638.wav,2.816,16000,0.054064,0.5674,0.0,0.6107,0.3893,21.69,167.1,644.1,837.0,likely_quiet
asr_final_20260809_225947_486.wav,2.96,16000,0.073054,0.5677,0.0,0.7993,0.2007,61.69,-146.7,855.9,1100.7,likely_quiet
asr_final_20260809_230003_956.wav,2.56,16000,0.084698,0.8868,0.0,0.622,0.378,30.89,50.6,876.2,1103.9,likely_quiet
asr_final_20260809_230011_152.wav,2.96,16000,0.062183,0.7378,0.0,0.7653,0.2347,61.44,30.4,858.5,1078.0,likely_quiet
asr_final_20260809_230158_368.wav,2.96,16000,0.062416,0.5291,0.0,0.7823,0.2177,31.36,174.8,791.6,1064.2,likely_quiet
asr_final_20260809_230201_408.wav,2.816,16000,0.0576,0.6461,0.0,0.5643,0.4357,25.24,36.5,845.7,1047.6,likely_quiet
asr_final_20260809_230224_193.wav,2.816,16000,0.043832,0.8231,0.0,0.1786,0.8214,74.63,-182.6,659.5,779.1,likely_quiet
asr_final_20260809_230320_181.wav,2.448,16000,0.088942,0.7876,0.0,0.5844,0.4156,20.95,166.7,761.7,835.4,likely_quiet
asr_final_20260809_230409_636.wav,2.96,16000,0.094253,0.9183,0.0,0.6769,0.3231,28.87,88.1,841.2,1059.8,likely_quiet
asr_final_20260809_230416_671.wav,5.264,16000,0.05009,0.6565,0.0,0.6546,0.3454,60.91,-172.0,736.3,986.9,likely_quiet
asr_final_20260809_230513_176.wav,2.816,16000,0.04795,0.4918,0.0,0.7143,0.2857,32.23,34.9,766.2,1046.5,likely_quiet
asr_final_20260809_230737_320.wav,2.96,16000,0.054584,0.3377,0.0,0.881,0.119,61.01,407.3,664.6,813.2,likely_quiet
asr_final_20260809_230801_958.wav,2.96,16000,0.060086,0.8028,0.0,0.466,0.534,51.79,112.9,1004.1,1063.9,likely_quiet
asr_final_20260809_230808_998.wav,2.96,16000,0.058527,0.7479,0.0,0.7891,0.2109,30.64,170.1,840.6,1056.8,likely_quiet
asr_final_20260809_230850_756.wav,2.96,16000,0.073672,0.5457,0.0,0.8537,0.1463,49.92,332.5,685.6,814.9,likely_quiet
asr_final_20260809_230927_941.wav,3.216,16000,0.071521,0.5656,0.0,0.8281,0.1719,47.75,329.0,675.5,815.3,likely_quiet
asr_final_20260809_231037_487.wav,2.96,16000,0.055473,0.5631,0.0,0.6905,0.3095,62.4,56.1,770.6,916.6,likely_quiet
asr_final_20260809_231041_075.wav,2.96,16000,0.068651,0.4993,0.0,0.8741,0.1259,69.08,,668.5,818.6,likely_quiet
asr_final_20260809_231209_155.wav,2.96,16000,0.052735,0.7624,0.0,0.6599,0.3401,29.37,-23.0,780.3,1051.4,likely_quiet
asr_final_20260809_231239_879.wav,2.96,16000,0.063178,0.5052,0.0,0.8401,0.1599,70.48,466.4,857.9,1111.1,likely_quiet
asr_final_20260809_231308_290.wav,2.96,16000,0.068841,0.5163,0.0,0.8129,0.1871,63.99,488.2,712.7,819.3,likely_quiet
asr_final_20260809_231316_685.wav,2.816,16000,0.074501,0.5829,0.0,0.7607,0.2393,27.92,217.3,834.2,1014.9,likely_quiet
asr_final_20260809_231430_205.wav,2.96,16000,0.071963,0.5744,0.0,0.8299,0.1701,61.74,-65.9,856.6,1093.9,likely_quiet
asr_final_20260809_231458_660.wav,2.96,16000,0.063486,0.4533,0.0,0.7925,0.2075,37.06,247.3,721.5,851.4,likely_quiet
asr_final_20260809_231501_472.wav,2.56,16000,0.058527,0.6284,0.0,0.8268,0.1732,59.85,-38.0,813.2,1074.6,likely_quiet
asr_final_20260809_231815_581.wav,2.96,16000,0.11043,0.9967,0.0,0.8197,0.1803,56.09,-360.5,839.3,1065.2,likely_quiet
asr_final_20260809_231835_783.wav,2.96,16000,0.051468,0.5461,0.0,0.6973,0.3027,48.95,81.5,775.8,932.8,likely_quiet
asr_final_20260809_232101_395.wav,2.96,16000,0.053357,0.7389,0.0,0.7211,0.2789,61.17,-387.2,814.5,953.7,likely_quiet
asr_final_20260809_232222_842.wav,2.56,16000,0.074966,0.9799,0.0,0.7559,0.2441,43.81,-324.1,1020.4,1898.4,likely_quiet
asr_final_20260809_232251_702.wav,2.96,16000,0.072705,0.7607,0.0,0.7789,0.2211,60.58,-467.7,813.8,1015.5,likely_quiet
asr_final_20260809_232418_501.wav,2.96,16000,0.053204,0.3955,0.0,0.8061,0.1939,49.68,-183.8,847.8,1021.6,likely_quiet
asr_final_20260809_232513_076.wav,2.96,16000,0.060895,0.6355,0.0,0.7619,0.2381,36.83,-109.5,732.7,1098.0,likely_quiet
asr_final_20260809_232633_704.wav,2.96,16000,0.046191,0.5607,0.0,0.6803,0.3197,62.27,224.6,782.6,902.0,likely_quiet
asr_final_20260809_232637_257.wav,2.96,16000,0.066593,0.4706,0.0,0.8741,0.1259,73.58,,703.1,826.0,likely_quiet
asr_final_20260809_232750_698.wav,2.96,16000,0.062734,0.4469,0.0,0.585,0.415,26.81,35.2,711.7,819.3,likely_quiet
asr_final_20260809_233108_377.wav,2.96,16000,0.075004,0.6771,0.0,0.5986,0.4014,14.76,-2.6,635.2,1050.3,likely_farfield_or_muffled
asr_final_20260809_233119_555.wav,2.96,16000,0.063348,0.6763,0.0,0.5816,0.4184,25.8,38.0,985.5,1110.1,likely_quiet
asr_final_20260809_233548_912.wav,2.96,16000,0.07448,0.4957,0.0,0.6769,0.3231,17.4,77.2,723.3,851.7,likely_farfield_or_muffled
asr_final_20260809_233625_727.wav,2.96,16000,0.059393,0.4051,0.0,0.8605,0.1395,53.39,307.2,706.8,822.0,likely_quiet
asr_final_20260809_233705_470.wav,2.56,16000,0.059579,0.755,0.0,0.8346,0.1654,68.58,-280.2,819.7,1256.2,likely_quiet
asr_final_20260809_233727_408.wav,3.216,16000,0.086569,0.8644,0.0,0.8406,0.1594,71.22,,957.3,1108.5,likely_quiet
asr_final_20260809_233830_772.wav,2.96,16000,0.073935,0.9242,0.0,0.5986,0.4014,25.78,-6.0,776.9,964.2,likely_quiet
asr_final_20260809_233840_918.wav,2.96,16000,0.099315,0.9568,0.0,0.7279,0.2721,30.08,200.0,943.2,1110.8,likely_quiet
asr_final_20260809_233849_392.wav,2.96,16000,0.05806,0.5649,0.0,0.534,0.466,22.73,101.1,820.6,1043.6,likely_quiet
asr_final_20260809_233852_916.wav,2.96,16000,0.066875,0.4798,0.0,0.8095,0.1905,37.34,-153.0,723.9,818.9,likely_quiet
asr_final_20260809_234001_571.wav,2.96,16000,0.057071,0.7096,0.0,0.7075,0.2925,32.15,144.0,798.2,953.7,likely_quiet
asr_final_20260809_234043_544.wav,2.96,16000,0.057602,0.3986,0.0,0.881,0.119,85.55,,675.8,814.2,likely_quiet
asr_final_20260809_234109_638.wav,2.96,16000,0.054019,0.5768,0.0,0.7959,0.2041,56.42,43.5,691.6,1069.9,likely_quiet
asr_final_20260809_234112_687.wav,2.816,16000,0.050118,0.4552,0.0,0.775,0.225,34.18,77.8,657.1,835.6,likely_quiet
asr_final_20260809_234157_007.wav,2.96,16000,0.067025,0.4986,0.0,0.8605,0.1395,81.23,,712.9,815.5,likely_quiet
asr_final_20260809_234305_576.wav,2.96,16000,0.055386,0.5884,0.0,0.7789,0.2211,62.61,-350.1,849.5,1132.1,likely_quiet
asr_final_20260809_234500_767.wav,2.96,16000,0.075129,0.6146,0.0,0.8435,0.1565,75.58,,708.7,817.2,likely_quiet
asr_final_20260809_234503_877.wav,2.816,16000,0.051545,0.8394,0.0,0.7786,0.2214,32.38,118.6,684.6,823.9,likely_quiet
asr_final_20260809_234730_758.wav,2.96,16000,0.045287,0.8508,0.0,0.5884,0.4116,52.71,315.3,792.9,1055.7,likely_quiet
asr_final_20260809_234801_008.wav,2.96,16000,0.068452,0.6732,0.0,0.6429,0.3571,26.05,123.0,771.6,944.3,likely_quiet
asr_final_20260809_234813_088.wav,2.96,16000,0.071054,0.5825,0.0,0.8605,0.1395,62.92,384.4,875.8,1200.7,likely_quiet
asr_final_20260809_234838_120.wav,2.96,16000,0.046155,0.415,0.0,0.6259,0.3741,26.7,-36.1,679.9,708.1,likely_quiet
asr_final_20260809_234841_716.wav,2.96,16000,0.066523,0.4959,0.0,0.8741,0.1259,44.52,117.2,689.2,819.6,likely_quiet
asr_final_20260809_235003_398.wav,2.96,16000,0.059652,0.5313,0.0,0.7585,0.2415,44.66,163.0,967.4,1418.9,likely_quiet
asr_final_20260809_235032_342.wav,2.96,16000,0.066321,0.4941,0.0,0.8537,0.1463,43.55,116.2,691.1,812.2,likely_quiet
asr_final_20260809_235035_145.wav,2.56,16000,0.062271,0.737,0.0,0.437,0.563,19.83,62.7,976.2,1483.6,likely_moderate
asr_final_20260809_235104_048.wav,2.96,16000,0.056898,0.7689,0.0,0.8231,0.1769,54.93,-569.8,848.6,1001.0,likely_quiet
asr_final_20260809_235222_663.wav,2.96,16000,0.070406,0.5426,0.0,0.7211,0.2789,27.05,125.1,700.2,823.3,likely_quiet
asr_final_20260809_235225_554.wav,2.56,16000,0.053495,0.7633,0.0,0.815,0.185,51.3,-243.6,708.0,980.1,likely_quiet
asr_final_20260809_235230_927.wav,2.96,16000,0.066878,0.5997,0.0,0.7891,0.2109,53.9,-160.4,792.0,964.9,likely_quiet
asr_final_20260809_235408_443.wav,2.96,16000,0.063076,0.807,0.0,0.7585,0.2415,49.42,-384.9,846.5,995.9,likely_quiet
asr_final_20260809_235450_193.wav,2.96,16000,0.068789,0.4683,0.0,0.8741,0.1259,66.21,,714.9,819.9,likely_quiet
asr_final_20260809_235741_943.wav,3.216,16000,0.053224,0.719,0.0,0.4188,0.5813,57.34,-15.6,1025.8,1072.8,likely_quiet
asr_final_20260809_235749_009.wav,2.96,16000,0.066884,0.7383,0.0,0.5476,0.4524,27.12,46.0,808.0,961.8,likely_quiet
asr_final_20260809_235753_955.wav,2.96,16000,0.066957,0.5251,0.0,0.8605,0.1395,59.8,431.7,699.8,817.2,likely_quiet
asr_final_20260809_235940_995.wav,2.96,16000,0.045174,0.5476,0.0,0.7313,0.2687,49.48,-273.3,798.5,992.6,likely_quiet
asr_final_20260809_235944_445.wav,2.96,16000,0.066704,0.5134,0.0,0.7823,0.2177,30.0,127.3,713.4,818.6,likely_quiet
asr_final_20260809_235947_401.wav,2.56,16000,0.047478,0.7802,0.0,0.6811,0.3189,60.73,81.0,922.6,1128.5,likely_quiet
asr_final_20260810_000054_422.wav,2.96,16000,0.045532,0.5381,0.0,0.7007,0.2993,41.59,166.3,803.4,932.1,likely_quiet
asr_final_20260810_000248_337.wav,2.96,16000,0.060619,0.437,0.0,0.6259,0.3741,23.88,80.9,686.9,813.2,likely_quiet
asr_final_20260810_000320_115.wav,2.96,16000,0.06302,0.7295,0.0,0.7279,0.2721,41.5,192.1,784.5,960.1,likely_quiet
asr_final_20260810_000552_353.wav,2.96,16000,0.065938,0.4653,0.0,0.881,0.119,74.16,,687.1,814.2,likely_quiet
asr_final_20260810_000706_050.wav,2.96,16000,0.06116,0.4087,0.0,0.8401,0.1599,52.11,39.8,683.3,813.9,likely_quiet
asr_final_20260810_000731_231.wav,3.072,16000,0.093407,0.8629,0.0,0.5672,0.4328,17.65,10.6,945.0,1110.4,likely_moderate
asr_final_20260810_000755_725.wav,2.96,16000,0.084488,0.9809,0.0,0.8129,0.1871,51.32,-150.7,901.1,1183.4,likely_quiet
asr_final_20260810_000807_782.wav,2.96,16000,0.077783,0.8217,0.0,0.7687,0.2313,42.35,316.7,934.4,1108.8,likely_quiet
asr_final_20260810_000844_440.wav,2.96,16000,0.090794,0.8136,0.0,0.5136,0.4864,25.8,69.0,894.4,1098.0,likely_quiet
asr_final_20260810_000856_698.wav,2.96,16000,0.070655,0.5298,0.0,0.6361,0.3639,22.72,12.1,680.7,813.5,likely_quiet
asr_final_20260810_001012_999.wav,2.96,16000,0.045165,0.7932,0.0,0.551,0.449,30.67,-137.8,758.1,1058.4,likely_quiet
asr_final_20260810_001240_191.wav,2.96,16000,0.044979,0.9906,0.0,0.2517,0.7483,56.62,-93.1,846.0,1064.9,likely_quiet
asr_final_20260810_001427_962.wav,2.96,16000,0.057343,0.9433,0.0,0.4218,0.5782,37.98,-22.5,716.8,815.5,likely_quiet
asr_final_20260810_001504_616.wav,2.96,16000,0.080911,0.989,0.0,0.4592,0.5408,38.15,-130.2,613.6,816.9,likely_quiet
asr_final_20260810_001658_502.wav,2.96,16000,0.070698,0.9985,0.0,0.3197,0.6803,48.25,152.3,1166.4,1622.6,likely_quiet
asr_final_20260810_002235_335.wav,2.96,16000,0.186225,1.0,0.000127,0.5816,0.4184,39.72,-102.5,590.3,812.2,likely_quiet
asr_final_20260810_002238_195.wav,2.56,16000,0.200225,0.9999,0.000122,0.6732,0.3268,40.21,-104.9,753.3,916.0,likely_quiet
asr_final_20260810_003043_317.wav,2.96,16000,0.120152,0.9789,0.0,0.5272,0.4728,46.49,-102.4,487.1,545.3,likely_quiet
asr_final_20260810_003051_395.wav,2.96,16000,0.068983,1.0,2.1e-05,0.4116,0.5884,46.04,-146.0,732.3,1045.9,likely_quiet
asr_final_20260810_003058_609.wav,2.96,16000,0.071215,0.8359,0.0,0.7517,0.2483,42.77,62.4,517.1,860.8,likely_quiet
asr_final_20260810_003102_523.wav,3.584,16000,0.058679,0.4397,0.0,0.7416,0.2584,32.67,-89.0,642.3,838.4,likely_quiet
asr_final_20260810_003154_502.wav,2.96,16000,0.067298,0.6378,0.0,0.4966,0.5034,46.01,-199.4,915.8,2102.7,likely_quiet
asr_final_20260810_004711_721.wav,2.96,16000,0.167845,1.0,6.3e-05,0.7449,0.2551,19.23,97.0,531.8,676.7,likely_farfield_or_muffled
asr_final_20260810_005529_626.wav,2.96,16000,0.071021,0.9754,0.0,0.4014,0.5986,57.24,-209.8,1334.4,5028.4,likely_quiet
asr_final_20260810_005536_517.wav,2.96,16000,0.159081,1.0,0.000106,0.6122,0.3878,28.29,-4.0,749.5,1059.5,likely_quiet
asr_final_20260810_005730_125.wav,2.96,16000,0.103252,0.9999,4.2e-05,0.6429,0.3571,28.35,-16.0,644.6,851.0,likely_quiet
asr_final_20260810_005843_807.wav,2.96,16000,0.122893,0.7266,0.0,0.8776,0.1224,67.2,,583.0,741.9,likely_quiet
asr_final_20260810_005848_458.wav,4.352,16000,0.059308,0.6625,0.0,0.6998,0.3002,37.85,56.3,850.9,1000.5,likely_quiet
asr_final_20260810_010741_462.wav,2.96,16000,0.067045,0.9989,0.0,0.4014,0.5986,52.51,27.1,661.7,817.9,likely_quiet
asr_final_20260810_011847_865.wav,2.96,16000,0.061927,0.7749,0.0,0.3605,0.6395,45.02,41.3,844.0,1338.9,likely_quiet
asr_final_20260810_012330_991.wav,2.96,16000,0.189463,1.0,0.000106,0.6259,0.3741,52.3,-221.3,681.6,847.0,likely_quiet
asr_final_20260810_012358_345.wav,2.96,16000,0.196541,0.9999,0.000169,0.7075,0.2925,42.62,-13.4,670.9,880.1,likely_quiet
asr_final_20260810_012616_519.wav,2.96,16000,0.154509,0.9999,2.1e-05,0.8333,0.1667,30.36,166.9,615.7,882.4,likely_quiet
asr_final_20260810_013940_848.wav,2.96,16000,0.11229,0.9999,8.4e-05,0.3367,0.6633,50.89,-266.5,549.9,482.8,likely_quiet
asr_final_20260810_013956_503.wav,2.96,16000,0.033265,0.4652,0.0,0.5068,0.4932,30.3,-46.0,1152.1,2190.5,likely_quiet
asr_final_20260810_014343_808.wav,2.96,16000,0.110356,1.0,4.2e-05,0.3265,0.6735,48.78,-179.8,695.2,1003.0,likely_quiet
asr_final_20260810_014346_673.wav,2.56,16000,0.167417,1.0,0.000171,0.4764,0.5236,28.68,-125.1,556.2,742.6,likely_quiet
asr_final_20260810_014351_719.wav,2.96,16000,0.147907,0.9999,2.1e-05,0.7279,0.2721,52.78,-325.4,471.0,470.9,likely_quiet
asr_final_20260810_014457_247.wav,2.96,16000,0.120792,0.9579,0.0,0.6701,0.3299,30.21,-13.8,546.8,610.5,likely_quiet
asr_final_20260810_014502_927.wav,2.96,16000,0.098266,0.6138,0.0,0.6361,0.3639,64.82,-55.5,736.5,1278.0,likely_quiet
asr_final_20260810_014502_999.wav,2.96,16000,0.10444,0.8939,0.0,0.6497,0.3503,43.0,-48.6,450.3,428.4,likely_quiet
asr_final_20260810_014522_204.wav,2.96,16000,0.143167,0.7509,0.0,0.7313,0.2687,54.73,-177.6,804.0,1364.9,likely_quiet
asr_final_20260810_014548_509.wav,2.96,16000,0.040913,0.631,0.0,0.7177,0.2823,65.09,91.4,807.9,954.4,likely_quiet
asr_final_20260810_014630_046.wav,2.96,16000,0.134501,0.8009,0.0,0.6973,0.3027,59.55,-221.9,657.5,835.8,likely_quiet
asr_final_20260810_014650_639.wav,2.96,16000,0.154417,0.7414,0.0,0.6735,0.3265,34.2,46.8,923.9,1106.1,likely_quiet
asr_final_20260810_014705_995.wav,2.96,16000,0.13375,0.7187,0.0,0.7449,0.2551,71.81,-275.9,783.9,1025.0,likely_quiet
asr_final_20260810_014719_392.wav,2.96,16000,0.072323,0.7295,0.0,0.5952,0.4048,46.56,-105.5,809.5,994.3,likely_quiet
asr_final_20260810_014754_101.wav,2.96,16000,0.079842,0.7262,0.0,0.4048,0.5952,70.14,190.9,613.7,689.2,likely_quiet
asr_final_20260810_014832_411.wav,2.96,16000,0.090236,0.748,0.0,0.4932,0.5068,61.58,8.5,771.8,759.8,likely_quiet
asr_final_20260810_014851_832.wav,2.96,16000,0.152744,0.7274,0.0,0.8537,0.1463,64.82,,732.7,935.1,likely_quiet
asr_final_20260810_014910_583.wav,2.96,16000,0.155219,0.8154,0.0,0.517,0.483,72.07,-568.0,778.6,1167.9,likely_quiet
asr_final_20260810_014920_627.wav,2.96,16000,0.146936,0.8085,0.0,0.6633,0.3367,36.29,-71.7,760.0,958.1,likely_quiet
asr_final_20260810_015107_243.wav,2.96,16000,0.083113,0.6409,0.0,0.4048,0.5952,69.02,-99.3,831.4,1434.8,likely_quiet
asr_final_20260810_015148_533.wav,5.008,16000,0.046608,0.4068,0.0,0.7275,0.2725,40.48,-22.9,655.2,759.0,likely_quiet
asr_final_20260810_015204_288.wav,2.96,16000,0.044029,0.4085,0.0,0.7925,0.2075,43.05,19.5,701.7,1056.8,likely_quiet
asr_final_20260810_015207_438.wav,2.96,16000,0.152732,0.7909,0.0,0.8537,0.1463,78.4,,763.0,1072.6,likely_quiet
asr_final_20260810_015259_875.wav,2.96,16000,0.049445,0.8793,0.0,0.6395,0.3605,40.7,154.5,704.4,887.8,likely_quiet
asr_final_20260810_015309_331.wav,2.96,16000,0.088683,0.8604,0.0,0.5068,0.4932,71.09,-380.6,860.5,1078.0,likely_quiet
asr_final_20260810_015443_987.wav,2.96,16000,0.189559,0.8032,0.0,0.8469,0.1531,67.27,693.1,834.5,1453.4,likely_quiet
asr_final_20260810_015539_541.wav,3.84,16000,0.111231,0.6666,0.0,0.6571,0.3429,68.0,-57.7,765.6,1338.5,likely_quiet
asr_final_20260810_015556_441.wav,2.96,16000,0.109242,0.7791,0.0,0.5884,0.4116,66.65,-182.0,726.1,892.9,likely_quiet
asr_final_20260810_015618_926.wav,2.96,16000,0.132939,0.7491,0.0,0.7517,0.2483,57.4,-115.7,772.2,1402.0,likely_quiet
asr_final_20260810_015651_072.wav,2.96,16000,0.129953,0.7052,0.0,0.6259,0.3741,69.64,-208.2,670.2,830.4,likely_quiet
asr_final_20260810_015740_028.wav,2.96,16000,0.155652,0.7188,0.0,0.8129,0.1871,65.79,299.0,823.8,1099.7,likely_quiet
asr_final_20260810_015820_899.wav,3.216,16000,0.107946,1.0,5.8e-05,0.2719,0.7281,49.23,-95.7,739.2,1472.0,likely_quiet
asr_final_20260810_015915_580.wav,2.704,16000,0.205812,0.9999,4.6e-05,0.806,0.194,41.28,289.9,872.1,1188.6,likely_quiet
asr_final_20260810_020058_931.wav,2.96,16000,0.232745,0.9999,8.4e-05,0.8537,0.1463,67.2,-273.9,702.8,914.5,likely_quiet
asr_final_20260810_020222_740.wav,2.96,16000,0.177183,0.7645,0.0,0.7653,0.2347,73.53,-149.7,781.9,1366.9,likely_quiet
asr_final_20260810_020258_610.wav,2.96,16000,0.120027,0.7928,0.0,0.6803,0.3197,64.84,88.5,800.3,1109.1,likely_quiet
asr_final_20260810_021127_714.wav,2.96,16000,0.080689,0.976,0.0,0.2653,0.7347,45.24,94.0,707.6,743.6,likely_quiet
asr_final_20260810_022728_834.wav,4.24,16000,0.11629,1.0,5.9e-05,0.564,0.436,19.69,-22.6,665.6,787.5,likely_farfield_or_muffled
asr_final_20260810_022733_175.wav,2.96,16000,0.065068,0.7929,0.0,0.7279,0.2721,36.81,-33.1,1259.5,1625.3,likely_quiet
asr_final_20260810_022754_138.wav,2.96,16000,0.133284,0.9988,0.0,0.7381,0.2619,43.56,-84.1,892.6,1250.3,likely_quiet
asr_final_20260810_022825_806.wav,2.96,16000,0.149653,1.0,4.2e-05,0.7041,0.2959,52.34,-194.9,793.6,1133.1,likely_quiet
asr_final_20260810_022916_998.wav,2.96,16000,0.152202,0.9998,2.1e-05,0.6531,0.3469,51.81,-9.7,866.8,1217.6,likely_quiet
asr_final_20260810_022959_558.wav,2.96,16000,0.081448,0.9919,0.0,0.8571,0.1429,48.1,99.2,746.4,1089.9,likely_quiet
asr_final_20260810_023303_383.wav,2.96,16000,0.103849,0.8732,0.0,0.619,0.381,55.67,-181.4,565.5,797.0,likely_quiet
asr_final_20260810_024015_224.wav,2.96,16000,0.064074,0.9999,2.1e-05,0.2381,0.7619,45.46,75.7,785.0,1125.3,likely_quiet
asr_final_20260810_024026_449.wav,7.312,16000,0.067439,0.7916,0.0,0.668,0.332,42.0,-31.8,655.3,736.7,likely_quiet
asr_final_20260810_024033_936.wav,2.96,16000,0.055334,0.5386,0.0,0.5612,0.4388,36.37,-64.9,769.7,1009.8,likely_quiet
asr_final_20260810_024037_777.wav,2.96,16000,0.083525,0.9965,0.0,0.5306,0.4694,40.0,17.2,846.1,1075.7,likely_quiet
asr_final_20260810_024556_215.wav,2.96,16000,0.190465,1.0,0.000106,0.8197,0.1803,37.53,353.5,1117.6,1802.4,likely_quiet
asr_final_20260810_024559_077.wav,2.56,16000,0.223292,1.0,0.000146,0.815,0.185,40.8,-30.7,1056.2,1989.1,likely_quiet
asr_final_20260810_024601_878.wav,2.56,16000,0.19616,0.9999,7.3e-05,0.6496,0.3504,35.56,-28.1,643.2,796.5,likely_quiet
asr_final_20260810_024605_407.wav,2.96,16000,0.080926,0.6591,0.0,0.8027,0.1973,40.26,-26.1,499.2,585.5,likely_quiet
asr_final_20260810_024620_640.wav,2.96,16000,0.247822,0.9999,2.1e-05,0.8333,0.1667,59.11,-390.3,603.3,697.0,likely_quiet
asr_final_20260810_024624_915.wav,2.96,16000,0.143329,0.9023,0.0,0.6293,0.3707,25.93,22.4,663.4,757.8,likely_quiet
asr_final_20260810_025914_146.wav,2.96,16000,0.071322,0.8955,0.0,0.6088,0.3912,13.52,75.8,866.8,1289.2,likely_farfield_or_muffled
asr_final_20260810_030652_668.wav,2.96,16000,0.121592,0.9999,4.2e-05,0.466,0.534,53.05,-292.7,844.8,1210.5,likely_quiet
asr_final_20260810_030700_798.wav,2.96,16000,0.067352,0.7921,0.0,0.602,0.398,31.37,-9.7,570.1,694.3,likely_quiet
asr_final_20260810_031406_759.wav,2.96,16000,0.074722,0.9999,8.4e-05,0.2755,0.7245,49.88,-124.6,1100.6,1686.8,likely_quiet
asr_final_20260810_033154_193.wav,2.96,16000,0.135995,0.9998,4.2e-05,0.2789,0.7211,53.15,-171.0,361.8,378.4,likely_quiet
asr_final_20260810_033541_557.wav,2.96,16000,0.075695,1.0,2.1e-05,0.4184,0.5816,41.32,71.8,736.5,874.3,likely_quiet
asr_final_20260810_033730_424.wav,2.96,16000,0.068845,0.5294,0.0,0.7517,0.2483,33.01,-245.9,677.2,814.9,likely_quiet
asr_final_20260810_033735_966.wav,2.96,16000,0.075965,0.9965,0.0,0.7449,0.2551,41.32,169.0,704.8,1030.7,likely_quiet
asr_final_20260810_035627_487.wav,2.96,16000,0.097418,0.9166,0.0,0.4966,0.5034,42.43,-152.4,438.3,482.1,likely_quiet
asr_final_20260810_035654_128.wav,2.96,16000,0.15214,1.0,0.000211,0.5034,0.4966,46.03,390.8,542.3,686.5,likely_quiet
asr_final_20260810_035657_462.wav,2.96,16000,0.222746,1.0,0.000296,0.7619,0.2381,41.24,278.6,557.0,707.1,likely_quiet
asr_final_20260810_040759_408.wav,4.496,16000,0.117579,1.0,4.2e-05,0.6317,0.3683,40.33,-292.4,705.6,963.1,likely_quiet
asr_final_20260810_040804_903.wav,2.96,16000,0.049586,0.4782,0.0,0.5782,0.4218,39.06,56.8,565.3,752.0,likely_quiet
asr_final_20260810_040814_033.wav,2.96,16000,0.078279,0.9999,2.1e-05,0.3095,0.6905,44.31,-115.8,612.4,790.2,likely_quiet
asr_final_20260810_041150_884.wav,3.216,16000,0.07547,0.9046,0.0,0.3344,0.6656,48.68,-238.1,783.3,983.5,likely_quiet
asr_final_20260810_041812_288.wav,2.96,16000,0.127099,1.0,0.000127,0.5646,0.4354,40.06,-61.9,786.7,1164.5,likely_quiet
asr_final_20260810_041847_953.wav,2.96,16000,0.21989,1.0,0.000211,0.8027,0.1973,32.91,46.9,712.2,1099.0,likely_quiet
asr_final_20260810_041850_917.wav,2.816,16000,0.093772,0.8683,0.0,0.6964,0.3036,55.85,-168.3,965.4,1214.8,likely_quiet
asr_final_20260810_041902_675.wav,2.96,16000,0.066422,0.9971,0.0,0.415,0.585,47.11,-75.0,1078.1,1236.8,likely_quiet
asr_final_20260810_041908_352.wav,2.96,16000,0.087264,0.8214,0.0,0.5952,0.4048,56.02,95.6,786.9,1096.6,likely_quiet
asr_final_20260810_045019_648.wav,5.264,16000,0.172906,1.0,4.7e-05,0.7615,0.2385,32.02,219.0,503.2,628.8,likely_quiet
asr_final_20260810_045026_288.wav,2.96,16000,0.096332,0.9047,0.0,0.2891,0.7109,66.17,-473.5,460.8,469.9,likely_quiet
asr_final_20260810_045722_058.wav,2.96,16000,0.067315,0.9522,0.0,0.5238,0.4762,22.9,-10.4,722.8,1590.2,likely_quiet
asr_final_20260810_045744_338.wav,2.96,16000,0.044662,0.7328,0.0,0.4184,0.5816,44.82,-103.4,1006.8,1284.1,likely_quiet
asr_final_20260810_045927_721.wav,2.96,16000,0.137886,0.9999,6.3e-05,0.585,0.415,49.94,-42.6,1049.6,1416.2,likely_quiet
asr_final_20260810_045940_342.wav,2.96,16000,0.129788,0.9838,0.0,0.6701,0.3299,60.39,-294.4,726.3,888.2,likely_quiet
asr_final_20260810_045947_802.wav,2.96,16000,0.125452,0.9594,0.0,0.6633,0.3367,38.13,22.9,1079.8,1678.4,likely_quiet
asr_final_20260810_050255_959.wav,2.96,16000,0.04266,0.4362,0.0,0.5,0.5,44.97,56.9,873.0,1135.1,likely_quiet
asr_final_20260810_050316_366.wav,2.96,16000,0.060988,0.6557,0.0,0.6156,0.3844,27.85,0.8,675.9,761.8,likely_quiet
asr_final_20260810_050338_613.wav,2.96,16000,0.196468,0.9999,6.3e-05,0.881,0.119,69.69,,1007.5,1367.6,likely_quiet
asr_final_20260810_050816_128.wav,2.96,16000,0.087988,0.9955,0.0,0.8265,0.1735,47.68,-196.3,979.3,1208.8,likely_quiet
asr_final_20260810_050947_075.wav,7.312,16000,0.152439,1.0,8.5e-05,0.7654,0.2346,47.22,65.8,858.5,1130.6,likely_quiet
asr_final_20260810_051016_199.wav,5.008,16000,0.085048,0.9758,0.0,0.6874,0.3126,36.96,0.3,795.5,1168.9,likely_quiet
asr_final_20260810_051024_357.wav,2.96,16000,0.111088,1.0,6.3e-05,0.4456,0.5544,57.96,116.4,896.9,1197.6,likely_quiet
asr_final_20260810_051106_847.wav,2.96,16000,0.108333,0.9676,0.0,0.619,0.381,64.77,-164.9,800.1,1155.7,likely_quiet
asr_final_20260810_051140_421.wav,2.96,16000,0.113077,0.9971,0.0,0.7347,0.2653,46.14,-91.6,754.1,1011.8,likely_quiet
asr_final_20260810_051155_238.wav,2.96,16000,0.089845,0.9929,0.0,0.3231,0.6769,60.49,-394.4,857.7,1323.6,likely_quiet
asr_final_20260810_051158_120.wav,2.56,16000,0.078752,0.9919,0.0,0.4291,0.5709,52.03,-63.3,780.3,880.1,likely_quiet
asr_final_20260810_051322_350.wav,2.96,16000,0.071643,0.7228,0.0,0.3333,0.6667,66.55,-257.0,785.4,1014.2,likely_quiet
asr_final_20260810_051743_414.wav,2.96,16000,0.094216,0.855,0.0,0.6122,0.3878,22.56,91.9,1260.3,2156.4,likely_quiet
asr_final_20260810_052551_071.wav,2.048,16000,0.162246,1.0,0.000244,0.5074,0.4926,79.66,178.4,682.5,955.6,likely_quiet
asr_final_20260810_052619_224.wav,5.52,16000,0.097183,0.5433,0.0,0.6327,0.3673,70.33,-0.0,785.6,994.4,likely_quiet
asr_final_20260810_055001_071.wav,2.304,16000,0.232128,0.9999,0.000136,0.5789,0.4211,94.58,50.6,686.5,888.0,likely_quiet
asr_final_20260810_055003_795.wav,2.816,16000,0.176992,0.9992,8.9e-05,0.4571,0.5429,78.26,-548.6,893.5,1193.9,likely_quiet
asr_final_20260810_055153_656.wav,1.792,16000,0.154756,0.7193,0.0,0.7232,0.2768,105.2,-0.0,731.8,738.3,likely_quiet
asr_final_20260810_055158_758.wav,5.52,16000,0.088235,0.5784,0.0,0.7382,0.2618,65.35,131.8,796.5,987.3,likely_quiet
asr_final_20260810_055214_272.wav,5.52,16000,0.064756,0.5317,0.0,0.42,0.58,41.02,72.5,666.8,687.7,likely_quiet
asr_final_20260810_055258_418.wav,1.536,16000,0.100203,0.4433,0.0,0.8355,0.1645,20.59,338.9,625.7,845.7,likely_quiet
asr_final_20260810_055329_702.wav,5.52,16000,0.132825,0.6216,0.0,0.7818,0.2182,23.64,254.6,680.5,909.1,likely_quiet
asr_final_20260810_055354_251.wav,2.048,16000,0.104739,0.442,0.0,0.7586,0.2414,101.61,-0.0,715.8,1013.2,likely_quiet
asr_final_20260810_055417_691.wav,14.992,16000,0.060259,0.4979,0.0,0.4482,0.5518,67.94,17.3,597.9,657.5,likely_quiet
asr_final_20260810_055435_078.wav,5.52,16000,0.06142,0.4736,0.0,0.6018,0.3982,69.38,-253.8,603.2,916.7,likely_quiet
asr_final_20260810_055448_023.wav,5.52,16000,0.071414,0.643,0.0,0.6436,0.3564,51.33,60.9,948.0,1110.9,likely_quiet
asr_final_20260810_061339_718.wav,2.96,16000,0.102189,0.9313,0.0,0.568,0.432,46.0,45.3,956.6,1232.4,likely_quiet
asr_final_20260810_061345_141.wav,2.96,16000,0.080229,0.9999,2.1e-05,0.3605,0.6395,58.91,588.7,927.9,1388.5,likely_quiet
asr_final_20260810_063747_900.wav,2.96,16000,0.055849,0.5422,0.0,0.7449,0.2551,23.49,-37.4,594.2,701.7,likely_quiet
asr_final_20260810_063751_782.wav,2.96,16000,0.182568,0.9999,0.000148,0.5748,0.4252,26.37,0.2,436.9,455.1,likely_quiet
asr_final_20260810_064336_623.wav,2.96,16000,0.06976,0.9909,0.0,0.4898,0.5102,29.73,-105.6,637.6,781.8,likely_quiet
asr_final_20260810_064528_138.wav,2.96,16000,0.045303,0.5436,0.0,0.8571,0.1429,33.24,26.4,876.7,1329.4,likely_quiet
asr_final_20260810_064535_698.wav,2.704,16000,0.116361,0.9998,4.6e-05,0.3209,0.6791,18.72,-3.2,601.9,784.0,likely_farfield_or_muffled
asr_final_20260810_064538_753.wav,2.96,16000,0.121199,0.9985,0.0,0.8163,0.1837,43.18,-340.2,543.0,768.6,likely_quiet
asr_final_20260810_064648_819.wav,1.024,16000,0.15862,0.999,0.000122,0.63,0.37,52.58,-436.0,580.2,662.1,likely_quiet
asr_final_20260810_064711_466.wav,6.912,16000,0.141904,0.8781,0.0,0.6923,0.3077,75.19,-443.2,642.0,714.0,likely_quiet
asr_final_20260810_064826_515.wav,3.328,16000,0.062892,0.6306,0.0,0.2175,0.7825,76.0,-174.9,616.7,795.7,likely_quiet
asr_final_20260810_064833_941.wav,1.424,16000,0.055333,0.6389,0.0,0.7286,0.2714,55.61,-168.2,828.8,1048.5,likely_quiet
asr_final_20260810_064840_499.wav,1.68,16000,0.087992,0.6463,0.0,0.7711,0.2289,69.86,,641.3,772.0,likely_quiet
asr_final_20260810_064852_977.wav,5.264,16000,0.09377,0.6137,0.0,0.5305,0.4695,71.58,312.9,608.6,833.0,likely_quiet
asr_final_20260810_064904_997.wav,5.52,16000,0.070908,0.6651,0.0,0.6091,0.3909,63.36,-416.8,754.1,1054.5,likely_quiet
asr_final_20260810_064908_356.wav,3.328,16000,0.088565,0.7082,0.0,0.6314,0.3686,29.63,32.6,694.1,982.3,likely_quiet
asr_final_20260810_070210_662.wav,1.536,16000,0.185011,0.9999,0.000122,0.5461,0.4539,44.79,-201.2,604.0,676.4,likely_quiet
asr_final_20260810_070220_600.wav,5.264,16000,0.179081,0.9999,9.5e-05,0.4141,0.5859,62.46,364.5,656.5,855.8,likely_quiet
asr_final_20260810_071759_958.wav,2.304,16000,0.112015,0.9986,0.0,0.2939,0.7061,61.01,-162.3,568.3,716.6,likely_quiet
asr_final_20260810_071854_821.wav,1.536,16000,0.097542,0.9644,0.0,0.3684,0.6316,71.88,-319.2,739.7,884.1,likely_quiet
asr_final_20260810_074850_031.wav,8.08,16000,0.17313,0.9993,3.1e-05,0.7605,0.2395,33.87,126.0,510.2,655.8,likely_quiet
asr_final_20260810_074902_362.wav,5.52,16000,0.055205,0.6183,0.0,0.7255,0.2745,56.25,274.0,513.7,627.5,likely_quiet
asr_final_20260810_074905_140.wav,2.56,16000,0.069835,0.7755,0.0,0.4961,0.5039,68.85,-309.9,468.4,548.8,likely_quiet
asr_final_20260810_074924_266.wav,6.288,16000,0.058539,0.6139,0.0,0.6093,0.3907,65.64,-574.8,629.5,737.8,likely_quiet
asr_final_20260810_075557_248.wav,2.96,16000,0.100005,0.9992,2.1e-05,0.2483,0.7517,67.75,-230.3,414.4,585.8,likely_quiet
asr_final_20260810_080058_826.wav,5.52,16000,0.097291,0.9992,2.3e-05,0.2909,0.7091,61.86,257.4,543.3,717.4,likely_quiet
asr_final_20260810_080153_864.wav,3.072,16000,0.171278,0.9995,4.1e-05,0.7934,0.2066,53.64,291.0,559.9,678.4,likely_quiet
asr_final_20260810_080200_905.wav,1.792,16000,0.159547,0.8847,0.0,0.7062,0.2938,77.87,-499.6,699.7,900.7,likely_quiet
asr_final_20260810_080238_341.wav,5.52,16000,0.083425,0.7162,0.0,0.4582,0.5418,63.43,-49.9,766.4,891.7,likely_quiet
asr_final_20260810_080241_943.wav,3.216,16000,0.084449,0.7155,0.0,0.475,0.525,66.18,-70.6,706.9,878.4,likely_quiet
asr_final_20260810_084617_464.wav,2.96,16000,0.218709,0.9999,0.000127,0.7041,0.2959,18.71,-9.0,741.3,991.9,likely_farfield_or_muffled
asr_final_20260810_084623_009.wav,5.376,16000,0.076661,0.9869,0.0,0.7295,0.2705,65.29,-367.5,1050.5,1800.8,likely_quiet
asr_final_20260810_085123_398.wav,3.216,16000,0.038073,0.5046,0.0,0.5,0.5,25.07,16.0,554.5,609.5,likely_quiet
asr_final_20260810_085236_069.wav,2.96,16000,0.160233,0.9997,4.2e-05,0.5238,0.4762,18.67,32.7,663.4,802.7,likely_farfield_or_muffled
asr_final_20260810_085238_922.wav,2.56,16000,0.211564,1.0,7.3e-05,0.7362,0.2638,22.06,44.9,758.9,915.6,likely_quiet
asr_final_20260810_085258_798.wav,2.96,16000,0.052108,0.8181,0.0,0.6905,0.3095,59.03,-331.4,622.9,767.6,likely_quiet
asr_final_20260810_090237_392.wav,2.96,16000,0.082665,0.9993,2.1e-05,0.6122,0.3878,49.13,-118.4,752.9,1031.4,likely_quiet
asr_final_20260810_090331_079.wav,2.96,16000,0.088018,0.9999,4.2e-05,0.7143,0.2857,41.36,39.8,1000.8,1511.5,likely_quiet
asr_final_20260810_090356_923.wav,1.936,16000,0.151249,1.0,9.7e-05,0.6406,0.3594,32.0,1.4,642.5,829.0,likely_quiet
asr_final_20260810_090404_147.wav,4.24,16000,0.080047,0.9231,0.0,0.6682,0.3318,42.31,-16.2,965.9,1592.7,likely_quiet
asr_final_20260810_090416_761.wav,2.96,16000,0.059339,0.5804,0.0,0.7007,0.2993,23.89,-19.4,921.2,1346.3,likely_quiet
asr_final_20260810_090438_450.wav,2.96,16000,0.104848,0.9999,6.3e-05,0.6905,0.3095,37.42,-235.6,750.1,1278.0,likely_quiet
asr_final_20260810_090957_947.wav,2.96,16000,0.076667,0.9999,6.3e-05,0.3673,0.6327,39.6,-112.9,941.3,1318.9,likely_quiet
asr_final_20260810_091430_769.wav,2.96,16000,0.046319,0.8347,0.0,0.3061,0.6939,38.19,-36.6,667.1,804.4,likely_quiet
asr_final_20260810_091838_059.wav,2.96,16000,0.070903,0.4882,0.0,0.5034,0.4966,14.63,-59.7,484.3,591.2,likely_farfield_or_muffled
asr_final_20260810_091844_039.wav,2.96,16000,0.084134,0.9652,0.0,0.6701,0.3299,29.64,-183.8,488.4,630.7,likely_quiet
asr_final_20260810_091920_115.wav,2.96,16000,0.126031,0.9458,0.0,0.7211,0.2789,21.69,138.7,779.4,1292.2,likely_quiet
asr_final_20260810_091949_561.wav,2.96,16000,0.205602,1.0,0.00038,0.5408,0.4592,22.0,132.3,608.1,786.1,likely_quiet
asr_final_20260810_091952_364.wav,2.56,16000,0.16257,0.9997,4.9e-05,0.7441,0.2559,28.09,110.0,639.1,827.0,likely_quiet
asr_final_20260810_093341_715.wav,2.96,16000,0.136351,1.0,6.3e-05,0.4762,0.5238,48.9,-115.1,1061.5,1436.8,likely_quiet
asr_final_20260810_093358_995.wav,2.96,16000,0.054375,0.9991,2.1e-05,0.5476,0.4524,35.95,56.2,686.2,1073.6,likely_quiet
asr_final_20260810_093402_998.wav,2.96,16000,0.144064,1.0,0.000127,0.7041,0.2959,48.02,40.2,854.9,953.7,likely_quiet
asr_final_20260810_093407_559.wav,4.352,16000,0.152499,1.0,0.000129,0.6605,0.3395,54.78,-123.5,714.0,794.1,likely_quiet
asr_final_20260810_093410_521.wav,2.56,16000,0.108055,0.9999,2.4e-05,0.3228,0.6772,34.06,-103.2,787.6,947.7,likely_quiet
asr_final_20260810_093417_383.wav,2.96,16000,0.048353,0.6613,0.0,0.415,0.585,65.27,0.4,700.6,825.0,likely_quiet
asr_final_20260810_093458_586.wav,2.96,16000,0.140796,0.9894,0.0,0.7279,0.2721,55.68,-68.3,699.6,808.1,likely_quiet
asr_final_20260810_093543_327.wav,2.96,16000,0.097962,0.7333,0.0,0.7585,0.2415,27.38,225.7,737.0,748.0,likely_quiet
asr_final_20260810_093555_484.wav,3.216,16000,0.097334,0.7049,0.0,0.8187,0.1813,61.26,-285.2,865.2,1174.1,likely_quiet
asr_final_20260810_093558_252.wav,2.56,16000,0.094155,0.7287,0.0,0.5748,0.4252,71.68,-624.9,677.5,758.6,likely_quiet
asr_final_20260810_093602_582.wav,2.96,16000,0.056356,0.5984,0.0,0.3946,0.6054,65.51,-100.8,877.9,1035.8,likely_quiet
asr_final_20260810_093615_886.wav,2.96,16000,0.089444,0.8205,0.0,0.7211,0.2789,63.08,-275.7,1111.2,1418.9,likely_quiet
asr_final_20260810_095847_785.wav,2.96,16000,0.169031,0.9999,0.000148,0.4864,0.5136,59.29,-153.0,522.2,700.3,likely_quiet
asr_final_20260810_095918_274.wav,2.96,16000,0.147073,0.9992,2.1e-05,0.7007,0.2993,35.45,-193.3,506.9,715.9,likely_quiet
asr_final_20260810_100719_314.wav,2.96,16000,0.099448,0.9999,4.2e-05,0.5204,0.4796,20.2,83.5,757.2,1027.7,likely_quiet
asr_final_20260810_100722_290.wav,2.816,16000,0.052062,0.3734,0.0,0.5179,0.4821,15.82,-28.0,1157.9,2391.0,likely_moderate
asr_final_20260810_101220_292.wav,2.96,16000,0.066702,0.7346,0.0,0.5136,0.4864,50.0,-83.2,622.0,790.2,likely_quiet
asr_final_20260810_101223_319.wav,2.816,16000,0.057353,0.9883,0.0,0.4821,0.5179,46.4,94.1,472.9,480.1,likely_quiet
asr_final_20260810_101235_634.wav,2.96,16000,0.066431,0.8127,0.0,0.4116,0.5884,49.26,-145.0,427.3,576.7,likely_quiet
asr_final_20260810_101953_879.wav,2.96,16000,0.13739,0.9999,2.1e-05,0.7857,0.2143,42.66,167.2,1071.9,1933.1,likely_quiet
asr_final_20260810_102004_599.wav,3.216,16000,0.057324,0.544,0.0,0.5156,0.4844,49.35,-246.2,857.1,1391.2,likely_quiet
asr_final_20260810_102137_269.wav,2.96,16000,0.086876,0.9267,0.0,0.3197,0.6803,58.83,-124.7,1001.3,1193.9,likely_quiet
asr_final_20260810_102151_704.wav,5.52,16000,0.124486,0.9995,2.3e-05,0.3782,0.6218,64.54,-521.6,653.7,686.2,likely_quiet
asr_final_20260810_102202_194.wav,5.264,16000,0.099635,0.9992,1.2e-05,0.3092,0.6908,71.67,-23.9,417.1,647.6,likely_quiet
asr_final_20260810_102537_223.wav,5.52,16000,0.100352,0.999,2.3e-05,0.4309,0.5691,33.38,29.4,694.8,860.0,likely_quiet
asr_final_20260810_102639_409.wav,5.52,16000,0.06873,0.6758,0.0,0.6691,0.3309,30.1,8.5,883.6,1309.4,likely_quiet
asr_final_20260810_102647_569.wav,5.52,16000,0.057131,0.3866,0.0,0.6164,0.3836,32.54,9.1,503.5,747.1,likely_quiet
asr_final_20260810_103657_155.wav,2.96,16000,0.161959,0.9999,0.000106,0.7245,0.2755,18.38,44.2,702.0,1090.2,likely_farfield_or_muffled
asr_final_20260810_103659_942.wav,2.56,16000,0.075154,0.8415,0.0,0.7795,0.2205,53.25,-14.1,557.0,680.5,likely_quiet
asr_final_20260810_104217_893.wav,2.96,16000,0.043221,0.733,0.0,0.7177,0.2823,37.99,-22.1,838.7,1068.2,likely_quiet
asr_final_20260810_104245_384.wav,2.96,16000,0.067373,0.9999,8.4e-05,0.8095,0.1905,44.14,-224.6,985.0,1428.4,likely_quiet
asr_final_20260810_105403_237.wav,4.496,16000,0.094651,0.9988,0.0,0.4665,0.5335,18.37,4.7,874.6,1188.8,likely_farfield_or_muffled
asr_final_20260810_105556_761.wav,2.96,16000,0.044357,0.7383,0.0,0.5646,0.4354,35.93,30.4,680.3,747.6,likely_quiet
asr_final_20260810_111431_880.wav,2.96,16000,0.084357,0.9979,0.0,0.3095,0.6905,49.21,-230.3,981.5,1312.2,likely_quiet
asr_final_20260810_111747_311.wav,2.96,16000,0.058516,0.9969,0.0,0.5272,0.4728,41.24,18.4,1098.0,1477.7,likely_quiet
asr_final_20260810_111752_847.wav,2.96,16000,0.241559,1.0,0.000317,0.7415,0.2585,25.28,-13.1,597.8,758.1,likely_quiet
asr_final_20260810_111755_732.wav,2.56,16000,0.156642,0.9999,4.9e-05,0.5669,0.4331,17.33,3.3,755.5,1033.2,likely_farfield_or_muffled
asr_final_20260810_111819_727.wav,2.96,16000,0.137939,1.0,6.3e-05,0.551,0.449,51.67,-70.8,713.0,914.2,likely_quiet
asr_final_20260810_111904_999.wav,2.96,16000,0.067052,0.721,0.0,0.7993,0.2007,34.48,-39.6,437.1,594.6,likely_quiet
asr_final_20260810_111908_116.wav,2.816,16000,0.17345,1.0,0.000222,0.3786,0.6214,62.93,-292.1,794.0,1206.0,likely_quiet
asr_final_20260810_111944_259.wav,2.96,16000,0.111297,0.9999,2.1e-05,0.2211,0.7789,62.18,173.2,682.8,802.7,likely_quiet
asr_final_20260810_112029_797.wav,2.96,16000,0.075346,0.9989,0.0,0.4116,0.5884,49.31,-27.8,481.0,482.8,likely_quiet
asr_final_20260810_112313_080.wav,5.52,16000,0.056202,0.632,0.0,0.5636,0.4364,49.16,64.7,606.4,711.4,likely_quiet
asr_final_20260810_112752_198.wav,5.52,16000,0.213975,0.9999,6.8e-05,0.6327,0.3673,16.44,82.7,610.2,736.4,likely_farfield_or_muffled
asr_final_20260810_112810_601.wav,2.96,16000,0.131067,0.9991,2.1e-05,0.551,0.449,62.37,19.1,609.1,799.3,likely_quiet
asr_final_20260810_113013_794.wav,2.96,16000,0.098728,0.6358,0.0,0.8197,0.1803,62.97,238.0,730.5,926.7,likely_quiet
asr_final_20260810_114129_799.wav,2.96,16000,0.126585,1.0,0.000169,0.1565,0.8435,58.08,-349.7,631.7,678.0,likely_quiet
asr_final_20260810_114153_621.wav,2.96,16000,0.061385,0.9929,0.0,0.7245,0.2755,37.56,-3.0,794.3,1087.2,likely_quiet
asr_final_20260810_114214_047.wav,2.96,16000,0.065558,0.8102,0.0,0.3333,0.6667,55.13,-318.6,648.9,704.4,likely_quiet
asr_final_20260810_114237_079.wav,2.96,16000,0.080442,0.9999,8.4e-05,0.4694,0.5306,46.87,-69.5,680.1,709.1,likely_quiet
asr_final_20260810_114244_100.wav,3.216,16000,0.126766,1.0,0.000194,0.4281,0.5719,46.01,26.8,604.3,638.7,likely_quiet
asr_final_20260810_114500_502.wav,2.96,16000,0.154559,1.0,0.000211,0.4762,0.5238,45.99,-38.9,533.9,635.5,likely_quiet
asr_final_20260810_115324_592.wav,2.96,16000,0.093856,0.9813,0.0,0.4116,0.5884,40.18,40.8,911.8,1182.4,likely_quiet
asr_final_20260810_115345_318.wav,2.96,16000,0.080073,0.9824,0.0,0.7109,0.2891,21.15,-29.3,1111.3,1490.9,likely_quiet
asr_final_20260810_115940_600.wav,3.216,16000,0.054163,0.6511,0.0,0.4938,0.5062,19.85,-104.8,855.7,1138.4,likely_farfield_or_muffled
asr_final_20260810_120325_079.wav,2.96,16000,0.054778,0.9773,0.0,0.3027,0.6973,39.63,-67.1,690.2,771.3,likely_quiet
asr_final_20260810_120333_255.wav,2.96,16000,0.138455,0.9999,4.2e-05,0.6769,0.3231,31.35,108.7,863.5,1441.6,likely_quiet
asr_final_20260810_120903_543.wav,2.96,16000,0.09389,0.7315,0.0,0.6122,0.3878,12.34,29.3,715.9,812.5,likely_farfield_or_muffled
asr_final_20260810_121017_549.wav,2.96,16000,0.092341,0.861,0.0,0.6633,0.3367,12.26,12.5,745.4,922.0,likely_farfield_or_muffled
asr_final_20260810_121335_944.wav,5.008,16000,0.068355,0.8708,0.0,0.6533,0.3467,20.31,24.3,1258.9,2156.3,likely_quiet
asr_final_20260810_121355_338.wav,5.264,16000,0.166677,0.9999,4.7e-05,0.6298,0.3702,43.2,-55.6,745.7,1196.8,likely_quiet
asr_final_20260810_121358_182.wav,2.56,16000,0.156118,1.0,4.9e-05,0.6417,0.3583,25.65,80.6,604.6,710.2,likely_quiet
asr_final_20260810_121551_156.wav,2.96,16000,0.139277,0.9993,2.1e-05,0.7279,0.2721,37.39,-174.8,800.7,1114.5,likely_quiet
asr_final_20260810_121555_961.wav,2.96,16000,0.098415,0.9971,0.0,0.619,0.381,69.61,-415.0,866.2,1438.2,likely_quiet
asr_final_20260810_121610_616.wav,2.96,16000,0.08776,0.8278,0.0,0.8639,0.1361,86.14,,728.3,1202.4,likely_quiet
asr_final_20260810_121638_978.wav,2.96,16000,0.050498,0.6268,0.0,0.5,0.5,57.34,-164.3,952.2,1678.7,likely_quiet
asr_final_20260810_122408_958.wav,2.96,16000,0.154712,1.0,6.3e-05,0.6293,0.3707,24.91,27.7,667.8,823.3,likely_quiet
asr_final_20260810_122509_701.wav,2.96,16000,0.1198,0.9842,0.0,0.6667,0.3333,55.71,-236.4,774.9,819.6,likely_quiet
asr_final_20260810_122540_287.wav,3.472,16000,0.15502,0.9857,0.0,0.7855,0.2145,50.79,-126.5,815.5,1047.2,likely_quiet
asr_final_20260810_122545_957.wav,2.96,16000,0.057826,0.9865,0.0,0.2313,0.7687,70.16,-155.4,839.8,1193.9,likely_quiet
asr_final_20260810_122630_346.wav,2.96,16000,0.090118,0.7341,0.0,0.6633,0.3367,48.67,-42.2,528.3,589.9,likely_quiet
asr_final_20260810_122710_687.wav,3.216,16000,0.204798,1.0,7.8e-05,0.6969,0.3031,30.51,-7.3,711.8,877.8,likely_quiet
asr_final_20260810_122716_103.wav,2.96,16000,0.112126,0.9978,0.0,0.4966,0.5034,73.24,-645.1,583.7,740.5,likely_quiet
asr_final_20260810_122720_506.wav,2.96,16000,0.060342,0.7933,0.0,0.6531,0.3469,65.53,-252.2,858.1,1459.1,likely_quiet
asr_final_20260810_122809_385.wav,2.96,16000,0.088308,0.7973,0.0,0.8707,0.1293,80.94,,801.4,1286.5,likely_quiet
asr_final_20260810_122822_599.wav,2.96,16000,0.085633,0.6813,0.0,0.8537,0.1463,48.97,168.2,780.8,1253.4,likely_quiet
asr_final_20260810_122941_956.wav,2.96,16000,0.075925,0.6615,0.0,0.8401,0.1599,48.5,-130.0,862.2,1341.2,likely_quiet
asr_final_20260810_123024_833.wav,2.96,16000,0.091269,0.6497,0.0,0.7687,0.2313,19.64,181.7,746.7,838.9,likely_farfield_or_muffled
asr_final_20260810_123513_727.wav,2.96,16000,0.117651,0.9983,0.0,0.4422,0.5578,18.26,17.4,760.1,944.6,likely_farfield_or_muffled
asr_final_20260810_124016_837.wav,2.96,16000,0.164896,0.9999,0.000106,0.6565,0.3435,39.68,-80.5,831.9,1173.3,likely_quiet
asr_final_20260810_124245_154.wav,2.96,16000,0.24316,1.0,0.00019,0.8469,0.1531,41.1,169.5,722.2,863.9,likely_quiet
asr_final_20260810_124247_954.wav,2.56,16000,0.206142,1.0,0.000195,0.6181,0.3819,19.67,18.3,693.9,713.3,likely_farfield_or_muffled
asr_final_20260810_124612_036.wav,5.52,16000,0.105296,0.9998,2.3e-05,0.6327,0.3673,24.47,43.1,593.1,731.5,likely_quiet
asr_final_20260810_125747_225.wav,5.264,16000,0.112859,0.9992,1.2e-05,0.7061,0.2939,22.87,143.5,658.2,730.4,likely_quiet
asr_final_20260810_125832_287.wav,5.776,16000,0.106378,0.9999,1.1e-05,0.7135,0.2865,35.59,115.1,944.9,1405.1,likely_quiet
asr_final_20260810_125846_610.wav,2.96,16000,0.094714,0.6532,0.0,0.6122,0.3878,12.63,18.9,590.0,791.6,likely_farfield_or_muffled
asr_final_20260810_125849_475.wav,2.56,16000,0.058773,0.5411,0.0,0.4843,0.5157,47.2,-101.4,655.8,790.6,likely_quiet
asr_final_20260810_125853_872.wav,2.96,16000,0.070466,0.6393,0.0,0.5782,0.4218,39.75,-11.6,503.6,633.4,likely_quiet
asr_final_20260810_130704_832.wav,2.96,16000,0.047833,0.697,0.0,0.4592,0.5408,41.65,87.3,592.7,692.2,likely_quiet
asr_final_20260810_130718_918.wav,2.96,16000,0.064863,0.9961,0.0,0.1633,0.8367,49.99,-147.4,927.0,1287.8,likely_quiet
asr_final_20260810_130731_944.wav,2.96,16000,0.05684,1.0,2.1e-05,0.2143,0.7857,50.76,-90.6,641.4,859.1,likely_quiet
asr_final_20260810_130749_075.wav,5.008,16000,0.149008,1.0,7.5e-05,0.511,0.489,47.14,-63.1,746.1,939.7,likely_quiet
asr_final_20260810_131049_489.wav,2.96,16000,0.053416,0.6225,0.0,0.5442,0.4558,16.77,6.9,759.4,1337.5,likely_farfield_or_muffled
asr_final_20260810_131156_428.wav,2.96,16000,0.091126,0.9978,0.0,0.5986,0.4014,49.63,-181.0,472.3,578.7,likely_quiet
asr_final_20260810_131452_440.wav,2.96,16000,0.078777,1.0,4.2e-05,0.5272,0.4728,31.89,23.2,653.1,747.6,likely_quiet
asr_final_20260810_131705_862.wav,2.96,16000,0.05582,0.5547,0.0,0.6259,0.3741,49.44,-406.1,746.3,1155.1,likely_quiet
asr_final_20260810_133559_945.wav,4.496,16000,0.105615,1.0,5.6e-05,0.3259,0.6741,42.55,-26.8,740.8,899.7,likely_quiet
asr_final_20260810_133641_411.wav,15.248,16000,0.137673,1.0,9.4e-05,0.677,0.323,36.38,53.3,688.5,965.9,likely_quiet
asr_final_20260810_133724_376.wav,23.952,16000,0.110104,1.0,5.2e-05,0.7338,0.2662,50.19,10.2,977.4,1690.1,likely_quiet
asr_final_20260810_133748_514.wav,3.984,16000,0.058819,0.5775,0.0,0.5303,0.4697,70.65,-407.6,580.0,681.7,likely_quiet
asr_final_20260810_133806_138.wav,11.152,16000,0.052917,0.7531,0.0,0.5831,0.4169,55.1,-149.7,1203.9,1663.6,likely_quiet
asr_final_20260810_134231_594.wav,4.24,16000,0.032478,0.5095,0.0,0.6137,0.3863,52.82,-365.6,921.1,1207.8,likely_quiet
asr_final_20260810_134443_638.wav,10.896,16000,0.070115,0.9998,6e-06,0.5303,0.4697,44.37,23.2,1283.4,2228.8,likely_quiet
asr_final_20260810_134635_740.wav,3.984,16000,0.046976,0.9967,0.0,0.1667,0.8333,44.58,-81.4,805.7,899.6,likely_quiet
asr_final_20260810_134712_628.wav,6.032,16000,0.084022,0.9989,0.0,0.5075,0.4925,46.02,100.4,730.6,928.5,likely_quiet
asr_final_20260810_134735_150.wav,5.008,16000,0.089382,0.9976,0.0,0.4429,0.5571,37.34,9.7,341.6,655.4,likely_quiet
asr_final_20260810_135115_103.wav,4.24,16000,0.047542,0.6456,0.0,0.5142,0.4858,38.16,28.5,282.4,414.9,likely_quiet
asr_final_20260810_135548_762.wav,4.752,16000,0.090543,0.9998,1.3e-05,0.5264,0.4736,59.45,79.4,788.5,1473.9,likely_quiet
asr_final_20260810_140326_395.wav,11.152,16000,0.093478,0.9999,2.8e-05,0.7116,0.2884,42.95,27.0,576.5,852.0,likely_quiet
asr_final_20260810_140438_607.wav,6.8,16000,0.060971,0.8673,0.0,0.5206,0.4794,36.79,48.4,305.0,418.5,likely_quiet
asr_final_20260810_140509_317.wav,4.24,16000,0.072354,0.9999,1.5e-05,0.4502,0.5498,42.61,82.4,560.8,800.0,likely_quiet
asr_final_20260810_140805_763.wav,4.752,16000,0.138217,1.0,0.000132,0.3975,0.6025,46.76,62.3,571.5,664.4,likely_quiet
asr_final_20260810_140914_104.wav,6.144,16000,0.076732,0.9952,0.0,0.5637,0.4363,50.92,-77.0,604.5,757.2,likely_quiet
asr_final_20260810_141003_534.wav,3.984,16000,0.051379,0.5794,0.0,0.6136,0.3864,33.79,10.9,379.8,655.4,likely_quiet
asr_final_20260810_141032_114.wav,5.008,16000,0.051833,0.6295,0.0,0.4489,0.5511,43.24,53.0,678.1,1180.5,likely_quiet
asr_final_20260810_141411_584.wav,4.496,16000,0.057795,1.0,4.2e-05,0.2031,0.7969,46.88,-54.6,903.0,1060.3,likely_quiet
asr_final_20260810_141443_780.wav,7.824,16000,0.189058,1.0,9.6e-05,0.6141,0.3859,38.25,-117.2,286.9,337.2,likely_quiet
asr_final_20260810_141711_540.wav,9.872,16000,0.185376,1.0,4.4e-05,0.6477,0.3523,48.61,15.1,383.2,640.3,likely_quiet
asr_final_20260810_142026_276.wav,22.16,16000,0.207201,1.0,0.000158,0.7435,0.2565,51.32,-160.2,633.3,719.0,likely_quiet
asr_final_20260810_142040_355.wav,5.776,16000,0.061714,0.9974,0.0,0.4635,0.5365,42.12,-50.1,937.2,1146.5,likely_quiet
asr_final_20260810_142505_560.wav,3.728,16000,0.059573,0.9995,1.7e-05,0.372,0.628,35.33,-21.9,339.0,478.0,likely_quiet
asr_final_20260810_142556_270.wav,3.472,16000,0.072952,0.9826,0.0,0.458,0.542,31.27,90.1,723.8,849.1,likely_quiet
asr_final_20260810_142745_142.wav,3.984,16000,0.034327,0.4685,0.0,0.3207,0.6793,36.72,36.8,235.3,340.9,likely_quiet
asr_final_20260810_142805_379.wav,3.984,16000,0.082706,0.9999,3.1e-05,0.1995,0.8005,47.25,-50.7,481.8,438.8,likely_quiet
asr_final_20260810_145454_199.wav,6.288,16000,0.115116,1.0,1e-05,0.614,0.386,34.89,-117.2,275.6,414.8,likely_quiet
asr_final_20260810_145518_579.wav,9.104,16000,0.171636,1.0,6.9e-05,0.728,0.272,46.4,44.3,391.5,668.2,likely_quiet
asr_final_20260810_145733_224.wav,4.496,16000,0.092218,1.0,8.3e-05,0.4464,0.5536,41.6,68.5,822.1,1203.5,likely_quiet
asr_final_20260810_150929_775.wav,5.008,16000,0.044082,0.6922,0.0,0.4108,0.5892,34.38,16.2,338.0,533.9,likely_quiet
asr_final_20260810_152042_935.wav,3.984,16000,0.055701,0.7759,0.0,0.1995,0.8005,34.14,-52.2,754.8,1311.5,likely_quiet
asr_final_20260810_152226_374.wav,3.728,16000,0.063378,0.9988,0.0,0.5283,0.4717,30.74,7.0,320.1,509.4,likely_quiet
asr_final_20260810_152326_604.wav,3.728,16000,0.070393,1.0,1.7e-05,0.3639,0.6361,31.87,-108.7,384.8,358.4,likely_quiet
asr_final_20260810_152935_981.wav,6.288,16000,0.127819,1.0,5e-05,0.4322,0.5678,34.42,8.7,328.9,541.8,likely_quiet
asr_final_20260810_153049_659.wav,5.776,16000,0.05275,0.9944,0.0,0.2743,0.7257,37.14,-67.8,867.8,1062.8,likely_quiet
asr_final_20260810_153601_462.wav,5.008,16000,0.193146,0.9998,3.7e-05,0.5852,0.4148,38.31,155.6,261.3,334.7,likely_quiet
asr_final_20260810_153605_863.wav,3.728,16000,0.064753,0.9931,0.0,0.248,0.752,41.96,-48.0,551.9,618.8,likely_quiet
asr_final_20260810_154042_080.wav,7.056,16000,0.035613,0.9738,0.0,0.4048,0.5952,32.81,-32.5,584.0,715.4,likely_quiet
asr_final_20260810_154624_604.wav,4.24,16000,0.11175,0.9999,0.000118,0.2085,0.7915,44.24,-141.0,283.9,370.3,likely_quiet
asr_final_20260810_154852_769.wav,5.008,16000,0.142784,1.0,7.5e-05,0.3667,0.6333,45.22,-179.9,475.3,686.7,likely_quiet
asr_final_20260810_154857_681.wav,3.728,16000,0.064343,0.9999,5e-05,0.2291,0.7709,45.99,2.9,376.8,419.8,likely_quiet
asr_final_20260810_155207_903.wav,8.592,16000,0.119669,0.999,0.0,0.5951,0.4049,39.87,-7.1,269.9,267.5,likely_quiet
asr_final_20260810_155216_540.wav,5.264,16000,0.132516,1.0,5.9e-05,0.5725,0.4275,36.69,-113.7,402.0,598.2,likely_quiet
asr_final_20260810_155227_600.wav,6.288,16000,0.103235,0.9999,2e-05,0.5167,0.4833,28.19,-5.6,568.2,798.7,likely_quiet
asr_final_20260810_155451_480.wav,6.8,16000,0.188002,1.0,0.00011,0.5885,0.4115,39.9,-144.8,261.0,322.4,likely_quiet
asr_final_20260810_161346_039.wav,6.8,16000,0.09245,0.9999,2.8e-05,0.441,0.559,36.79,-62.4,551.7,737.6,likely_quiet
asr_final_20260810_163814_224.wav,3.984,16000,0.033346,0.4342,0.0,0.1944,0.8056,31.7,-82.9,506.5,840.6,likely_quiet
asr_final_20260810_163926_140.wav,3.728,16000,0.071169,1.0,1.7e-05,0.4097,0.5903,32.37,32.2,528.0,620.2,likely_quiet
asr_final_20260810_164421_825.wav,3.984,16000,0.035985,0.4274,0.0,0.2475,0.7525,32.01,25.5,208.0,330.3,likely_quiet
asr_final_20260810_170949_842.wav,4.24,16000,0.062041,0.9993,1.5e-05,0.1517,0.8483,35.54,-78.6,754.3,1268.9,likely_quiet
asr_final_20260810_171140_185.wav,5.52,16000,0.061489,0.9999,1.1e-05,0.2455,0.7545,34.53,4.9,716.7,850.0,likely_quiet
asr_final_20260810_171700_112.wav,4.24,16000,0.092345,0.9991,2.9e-05,0.263,0.737,34.93,25.1,431.8,366.3,likely_quiet
asr_final_20260810_171848_977.wav,4.24,16000,0.147375,1.0,0.000103,0.1896,0.8104,42.29,-148.3,452.3,628.5,likely_quiet
asr_final_20260810_171941_470.wav,3.984,16000,0.099933,0.9999,3.1e-05,0.3889,0.6111,30.34,-21.3,385.3,504.5,likely_quiet
asr_final_20260810_172209_161.wav,13.456,16000,0.147066,1.0,6.5e-05,0.6161,0.3839,37.47,-60.3,619.1,872.0,likely_quiet
asr_final_20260810_172214_221.wav,4.864,16000,0.107004,0.9999,2.6e-05,0.3058,0.6942,59.66,-145.9,564.8,676.0,likely_quiet
asr_final_20260810_172220_859.wav,4.496,16000,0.040237,0.9543,0.0,0.2232,0.7768,55.3,-112.1,864.1,1069.8,likely_quiet
asr_final_20260810_172623_860.wav,7.312,16000,0.06819,0.8696,0.0,0.4952,0.5048,43.09,-28.8,216.5,258.3,likely_quiet
asr_final_20260810_172736_337.wav,14.736,16000,0.074166,1.0,8e-06,0.483,0.517,50.77,-84.2,615.6,1050.4,likely_quiet
asr_final_20260810_172749_581.wav,9.104,16000,0.069075,0.7528,0.0,0.5297,0.4703,51.38,-99.3,646.9,1107.5,likely_quiet
asr_final_20260810_172817_193.wav,5.52,16000,0.061148,0.7885,0.0,0.36,0.64,61.22,-16.3,793.8,1362.0,likely_quiet
asr_final_20260810_172854_081.wav,5.008,16000,0.053697,0.7096,0.0,0.4188,0.5812,58.25,-78.7,749.2,1347.0,likely_quiet
asr_final_20260810_174028_091.wav,8.08,16000,0.090889,0.9994,8e-06,0.7258,0.2742,44.83,166.8,584.6,748.8,likely_quiet
asr_final_20260810_174034_215.wav,5.888,16000,0.057127,0.6256,0.0,0.5366,0.4634,48.2,-156.7,650.8,840.4,likely_quiet
asr_final_20260810_183858_290.wav,7.312,16000,0.075982,0.9947,0.0,0.3155,0.6845,49.28,-109.4,659.1,780.9,likely_quiet
asr_final_20260810_185612_492.wav,5.776,16000,0.082148,0.9999,2.2e-05,0.2726,0.7274,44.93,79.7,698.0,732.2,likely_quiet
asr_final_20260810_191951_722.wav,4.496,16000,0.072151,0.9999,2.8e-05,0.3147,0.6853,40.79,-50.7,586.5,1214.2,likely_quiet
asr_final_20260810_192005_519.wav,10.384,16000,0.060016,0.8469,0.0,0.6226,0.3774,44.09,-99.5,629.6,930.8,likely_quiet
asr_final_20260810_192025_845.wav,5.776,16000,0.057791,0.9999,1.1e-05,0.6354,0.3646,36.71,16.0,784.2,1109.1,likely_quiet
asr_final_20260810_212242_385.wav,8.08,16000,0.157608,1.0,3.1e-05,0.6663,0.3337,45.48,4.1,646.3,1094.6,likely_quiet
asr_final_20260810_220122_485.wav,6.032,16000,0.048411,0.5523,0.0,0.5008,0.4992,34.05,-25.6,755.8,855.8,likely_quiet
asr_final_20260810_220812_562.wav,6.032,16000,0.146816,1.0,0.000155,0.3394,0.6606,45.91,-129.3,579.4,646.6,likely_quiet
asr_final_20260810_220819_156.wav,6.4,16000,0.098973,0.9992,1e-05,0.7414,0.2586,33.74,129.4,621.4,1015.8,likely_quiet
asr_final_20260810_220848_339.wav,4.752,16000,0.040613,0.8688,0.0,0.389,0.611,43.64,193.0,797.0,1060.0,likely_quiet
asr_final_20260810_221519_316.wav,16.272,16000,0.137344,1.0,5.8e-05,0.7514,0.2486,40.52,-11.7,551.0,792.0,likely_quiet
asr_final_20260810_221533_080.wav,10.384,16000,0.083799,0.9011,0.0,0.7925,0.2075,64.47,318.2,549.2,699.9,likely_quiet
asr_final_20260810_221538_711.wav,5.376,16000,0.073826,0.7732,0.0,0.6418,0.3582,63.7,47.3,624.0,757.4,likely_quiet
asr_final_20260810_221549_259.wav,5.52,16000,0.054042,0.5327,0.0,0.4164,0.5836,72.03,-312.5,448.3,540.2,likely_quiet
asr_final_20260810_222040_082.wav,9.616,16000,0.050842,0.592,0.0,0.6417,0.3583,39.37,-25.1,681.9,812.9,likely_quiet
asr_final_20260810_222104_077.wav,5.52,16000,0.029718,0.4172,0.0,0.6418,0.3582,46.7,81.1,482.9,724.8,likely_quiet
asr_final_20260810_223536_821.wav,23.696,16000,0.103618,0.9999,1.3e-05,0.5262,0.4738,46.49,-149.8,616.1,807.9,likely_quiet
asr_final_20260810_223604_733.wav,4.24,16000,0.044376,0.8409,0.0,0.5521,0.4479,43.97,-65.6,680.1,842.0,likely_quiet
asr_final_20260810_223613_683.wav,5.776,16000,0.078203,0.9893,0.0,0.4878,0.5122,48.95,-2.0,718.0,786.5,likely_quiet
asr_final_20260810_223622_640.wav,4.24,16000,0.050411,0.6757,0.0,0.4052,0.5948,31.98,-52.3,872.8,1064.9,likely_quiet
asr_final_20260810_223635_194.wav,8.336,16000,0.073138,0.9918,0.0,0.5469,0.4531,41.15,45.0,769.4,997.6,likely_quiet
asr_final_20260810_225817_982.wav,3.728,16000,0.05136,0.8753,0.0,0.4097,0.5903,45.28,-162.0,629.0,790.2,likely_quiet
asr_final_20260810_230145_261.wav,9.872,16000,0.126287,1.0,4.4e-05,0.5431,0.4569,44.65,75.5,985.9,1314.0,likely_quiet
asr_final_20260810_230151_112.wav,3.328,16000,0.070792,0.9917,0.0,0.571,0.429,36.29,8.3,1195.2,1725.1,likely_quiet
asr_final_20260810_230233_736.wav,13.2,16000,0.05039,0.7163,0.0,0.5592,0.4408,43.37,-94.5,1065.0,1362.5,likely_quiet
asr_final_20260810_231809_478.wav,4.24,16000,0.105745,0.9999,7.4e-05,0.1991,0.8009,53.5,-340.8,626.8,771.0,likely_quiet
asr_final_20260810_231817_413.wav,6.544,16000,0.049845,0.8624,0.0,0.4187,0.5813,41.89,-52.1,610.8,1091.7,likely_quiet
asr_final_20260811_005549_721.wav,6.4,16000,0.082083,0.9917,0.0,0.8245,0.1755,41.47,86.4,536.4,884.1,likely_quiet
asr_final_20260811_005611_544.wav,7.568,16000,0.054413,0.9626,0.0,0.294,0.706,53.29,-168.9,835.0,1106.0,likely_quiet
asr_final_20260811_005638_425.wav,6.8,16000,0.06307,0.9492,0.0,0.5575,0.4425,46.49,-68.5,399.2,570.3,likely_quiet
asr_final_20260811_010525_160.wav,4.24,16000,0.033834,0.5315,0.0,0.3436,0.6564,44.72,-196.5,1495.8,2089.2,likely_quiet
asr_final_20260811_010654_210.wav,6.544,16000,0.049337,0.9941,0.0,0.5199,0.4801,41.12,-210.9,1023.9,1516.4,likely_quiet
asr_final_20260811_010701_244.wav,2.96,16000,0.06394,0.9999,2.1e-05,0.5408,0.4592,35.54,-77.1,404.5,553.7,likely_quiet
asr_final_20260811_010709_165.wav,4.496,16000,0.025913,0.493,0.0,0.2768,0.7232,39.71,34.2,638.0,884.1,likely_quiet
asr_final_20260811_010726_286.wav,6.032,16000,0.03966,0.4614,0.0,0.7887,0.2113,43.64,-53.3,501.3,665.1,likely_quiet
asr_final_20260811_010943_797.wav,9.616,16000,0.13278,0.9999,1.9e-05,0.6885,0.3115,39.89,62.7,729.8,919.0,likely_quiet
asr_final_20260811_011022_985.wav,5.776,16000,0.150741,1.0,0.000119,0.4861,0.5139,50.87,-178.5,529.9,764.9,likely_quiet
asr_final_20260811_011057_468.wav,4.496,16000,0.073655,0.9993,1.4e-05,0.3259,0.6741,48.69,-134.7,685.2,669.3,likely_quiet
asr_final_20260811_011105_080.wav,3.984,16000,0.04037,0.8061,0.0,0.399,0.601,42.84,-102.9,723.2,1002.5,likely_quiet
asr_final_20260811_011210_125.wav,17.04,16000,0.102468,1.0,1.5e-05,0.7309,0.2691,59.94,-170.7,755.6,1001.4,likely_quiet
asr_final_20260811_011223_957.wav,12.432,16000,0.034362,0.7799,0.0,0.7429,0.2571,60.28,-190.2,784.3,1223.6,likely_quiet
asr_final_20260811_011333_800.wav,5.008,16000,0.170487,0.9999,8.7e-05,0.2926,0.7074,63.38,-196.2,591.1,983.8,likely_quiet
asr_final_20260811_011402_838.wav,5.52,16000,0.176547,1.0,0.00017,0.3636,0.6364,73.43,-86.8,582.5,863.6,likely_quiet
asr_final_20260811_011408_743.wav,4.752,16000,0.046775,0.6554,0.0,0.6068,0.3932,44.02,122.5,501.7,665.2,likely_quiet
asr_final_20260811_011452_778.wav,5.264,16000,0.129119,0.8708,0.0,0.4103,0.5897,74.75,-555.4,579.2,877.8,likely_quiet
asr_final_20260811_011509_542.wav,4.496,16000,0.081095,0.8554,0.0,0.4241,0.5759,64.17,-94.8,693.6,1056.3,likely_quiet
asr_final_20260811_011538_681.wav,5.008,16000,0.124365,0.9018,0.0,0.3727,0.6273,68.57,-130.6,574.5,887.2,likely_quiet
asr_final_20260811_011542_359.wav,5.52,16000,0.0574,0.9535,0.0,0.3891,0.6109,50.71,245.7,880.7,1149.1,likely_quiet
asr_final_20260811_011603_568.wav,5.264,16000,0.126272,0.9028,0.0,0.313,0.687,81.25,-334.4,600.7,920.8,likely_quiet
asr_final_20260811_011636_984.wav,5.264,16000,0.146985,0.9227,0.0,0.3969,0.6031,70.26,-140.5,724.6,1224.5,likely_quiet
asr_final_20260811_011656_421.wav,5.008,16000,0.101671,0.9059,0.0,0.2124,0.7876,80.0,-158.5,666.0,1107.4,likely_quiet
asr_final_20260811_011709_239.wav,3.84,16000,0.075781,0.9149,0.0,0.1283,0.8717,80.08,-600.6,880.9,1416.1,likely_quiet
asr_final_20260811_011750_980.wav,5.264,16000,0.136386,0.834,0.0,0.4218,0.5782,71.95,-148.6,575.1,932.8,likely_quiet
asr_final_20260811_011827_401.wav,8.96,16000,0.110578,0.8991,0.0,0.3658,0.6342,70.34,-57.9,761.4,1241.9,likely_quiet
asr_final_20260811_011910_840.wav,6.8,16000,0.148687,0.9084,0.0,0.5383,0.4617,76.53,31.7,591.1,899.7,likely_quiet
asr_final_20260811_011928_067.wav,7.312,16000,0.154306,0.9013,0.0,0.5199,0.4801,72.78,-435.4,478.8,703.9,likely_quiet
asr_final_20260811_011953_879.wav,5.52,16000,0.107373,0.7146,0.0,0.2909,0.7091,81.04,10.6,522.2,834.1,likely_quiet
asr_final_20260811_012012_754.wav,5.52,16000,0.132452,0.7784,0.0,0.3873,0.6127,84.51,-207.9,544.7,819.7,likely_quiet
asr_final_20260811_012105_955.wav,4.752,16000,0.089412,0.8307,0.0,0.2748,0.7252,75.68,237.6,749.5,1292.3,likely_quiet
asr_final_20260811_012116_690.wav,7.056,16000,0.096678,0.9956,0.0,0.6804,0.3196,35.64,51.7,698.2,759.9,likely_quiet
asr_final_20260811_012147_430.wav,3.728,16000,0.066476,0.9801,0.0,0.4933,0.5067,30.18,69.3,662.1,861.6,likely_quiet
asr_final_20260811_012152_364.wav,4.608,16000,0.08889,0.9999,2.7e-05,0.5991,0.4009,16.93,11.3,624.6,714.4,likely_farfield_or_muffled
asr_final_20260811_012206_426.wav,9.104,16000,0.072642,0.9992,7e-06,0.4648,0.5352,53.3,-9.7,677.1,759.3,likely_quiet
asr_final_20260811_012447_192.wav,7.312,16000,0.117063,1.0,0.000111,0.1879,0.8121,69.87,-159.3,851.2,1202.7,likely_quiet
asr_final_20260811_012459_730.wav,5.776,16000,0.064953,0.999,0.0,0.2066,0.7934,71.64,144.0,852.7,998.6,likely_quiet
asr_final_20260811_012541_895.wav,13.456,16000,0.049341,0.7642,0.0,0.7738,0.2262,54.22,-80.6,731.7,1011.5,likely_quiet
asr_final_20260811_012550_913.wav,7.312,16000,0.060635,0.4402,0.0,0.7641,0.2359,38.23,-189.4,614.1,705.7,likely_quiet
asr_final_20260811_012612_849.wav,7.056,16000,0.053649,0.7459,0.0,0.7713,0.2287,30.62,81.6,651.9,813.6,likely_quiet
asr_final_20260811_012632_368.wav,17.296,16000,0.077649,0.9495,0.0,0.798,0.202,35.85,-0.9,729.3,949.9,likely_quiet
asr_final_20260811_012649_240.wav,5.264,16000,0.100249,0.9999,1.2e-05,0.7137,0.2863,41.66,-16.1,837.5,1194.1,likely_quiet
asr_final_20260811_015345_385.wav,8.592,16000,0.155251,0.9999,0.000247,0.2392,0.7608,79.31,-215.2,677.3,915.6,likely_quiet
asr_final_20260811_015407_918.wav,9.36,16000,0.157111,0.9999,3.3e-05,0.3148,0.6852,80.3,-141.8,687.8,812.2,likely_quiet
asr_final_20260811_024504_686.wav,7.056,16000,0.156564,0.9972,0.0,0.5,0.5,73.24,-96.1,726.7,1029.1,likely_quiet
asr_final_20260811_024545_317.wav,5.008,16000,0.089678,0.7305,0.0,0.3186,0.6814,70.79,-213.2,662.2,782.7,likely_quiet
asr_final_20260811_024905_329.wav,5.008,16000,0.13283,0.8404,0.0,0.3006,0.6994,79.81,-648.1,830.9,1029.8,likely_quiet
asr_final_20260811_024922_839.wav,9.728,16000,0.119637,0.8081,0.0,0.5283,0.4717,72.21,-316.9,745.0,969.8,likely_quiet
asr_final_20260811_052853_543.wav,5.632,16000,0.102635,0.7143,0.0,0.4545,0.5455,69.05,-301.1,637.7,1180.8,likely_quiet
asr_final_20260811_061007_948.wav,4.752,16000,0.108448,0.8179,0.0,0.2347,0.7653,86.96,-467.1,587.8,782.6,likely_quiet
asr_final_20260811_061029_001.wav,5.776,16000,0.124343,0.8224,0.0,0.3976,0.6024,72.13,-130.7,799.4,1177.8,likely_quiet
asr_final_20260811_061046_284.wav,5.264,16000,0.126035,0.8112,0.0,0.3531,0.6469,81.37,-403.6,724.7,1004.4,likely_quiet
